athlete_id,evaluation_scheme,estimator,feature_set,evaluated_row_count,interpretability_bucket,track_a_mae_kg,track_b_mae_kg,paired_mae_delta_kg,direction
2068e7ec-51a8-441a-8053-2be7533e613f,chronological_holdout,sklearn_random_forest,all_track_b_exploratory,2,anecdotal_too_few_rows,0.7009090909090858,0.4182501082251129,-0.28265898268397294,improved
687552ea-5963-45df-8680-c4c6058eab87,chronological_holdout,sklearn_random_forest,all_track_b_exploratory,3,minimally_interpretable,2.8032407407407454,6.30343379830953,3.5001930575687843,worse
6a2ca03c-e61b-4589-a931-58f5e25aacd8,chronological_holdout,sklearn_random_forest,all_track_b_exploratory,1,anecdotal_too_few_rows,0.3999999999999986,0.6394331613475828,0.2394331613475842,worse
86fed448-f51d-4005-aef8-bd9413933cbe,chronological_holdout,sklearn_random_forest,all_track_b_exploratory,3,minimally_interpretable,1.5150925925925922,1.8188910628798756,0.30379847028728335,worse
8d47422f-2512-44a3-a6d6-8feb726f4759,chronological_holdout,sklearn_random_forest,all_track_b_exploratory,2,anecdotal_too_few_rows,0.6928571428571466,0.832642546595995,0.1397854037388484,worse
957de0b1-7ee9-437c-b47b-dffd09b6653a,chronological_holdout,sklearn_random_forest,all_track_b_exploratory,3,minimally_interpretable,1.1972727272727302,1.2289836196211195,0.03171089234838931,worse
9cee6de4-93b3-46a7-a018-90f60d705ebb,chronological_holdout,sklearn_random_forest,all_track_b_exploratory,2,anecdotal_too_few_rows,1.4723214285714228,3.1572716295959005,1.6849502010244777,worse
a2d89dcf-6bd1-445b-bc9c-7ac6b852a9fc,chronological_holdout,sklearn_random_forest,all_track_b_exploratory,2,anecdotal_too_few_rows,0.12053571428571175,0.05580036907536723,-0.06473534521034452,improved
c887cb7e-63cf-4dc2-9fd2-8429137ba44b,chronological_holdout,sklearn_random_forest,all_track_b_exploratory,3,minimally_interpretable,1.9047619047619027,3.179707456120544,1.2749455513586414,worse
e362b878-9920-4dcf-9ab7-687a194a821c,chronological_holdout,sklearn_random_forest,all_track_b_exploratory,3,minimally_interpretable,2.015854978354979,1.38316957384259,-0.6326854045123889,improved
e6e4e3b9-5cfa-42c6-a4cd-0f96561de3eb,chronological_holdout,sklearn_random_forest,all_track_b_exploratory,2,anecdotal_too_few_rows,3.081249999999999,2.7411503723520223,-0.34009962764797663,improved
ec3fc0a0-ab15-4c0c-b1ad-5243c6e5636f,chronological_holdout,sklearn_random_forest,all_track_b_exploratory,2,anecdotal_too_few_rows,1.1499999999999968,1.5218543865834846,0.3718543865834878,worse
efa2dbe6-24c0-4500-8b7b-1d5d14e1d271,chronological_holdout,sklearn_random_forest,all_track_b_exploratory,1,anecdotal_too_few_rows,1.6625000000000014,0.9370644603752751,-0.7254355396247263,improved
f2b08928-a410-4d1d-9f19-1f8c063a6311,chronological_holdout,sklearn_random_forest,all_track_b_exploratory,1,anecdotal_too_few_rows,0.03333333333333144,0.4923940095818402,0.45906067624850877,worse
fd0c9e61-cb99-4d60-ab37-b4b3f5ac60d2,chronological_holdout,sklearn_random_forest,all_track_b_exploratory,3,minimally_interpretable,1.06388888888889,1.200524405202934,0.13663551631404403,worse
2068e7ec-51a8-441a-8053-2be7533e613f,chronological_holdout,sklearn_random_forest,prior_history_only,2,anecdotal_too_few_rows,0.7009090909090858,0.48585738175222204,-0.21505170915686378,improved
687552ea-5963-45df-8680-c4c6058eab87,chronological_holdout,sklearn_random_forest,prior_history_only,3,minimally_interpretable,2.8032407407407454,6.343418546513388,3.5401778057726427,worse
6a2ca03c-e61b-4589-a931-58f5e25aacd8,chronological_holdout,sklearn_random_forest,prior_history_only,1,anecdotal_too_few_rows,0.3999999999999986,0.15945730438273387,-0.2405426956172647,improved
86fed448-f51d-4005-aef8-bd9413933cbe,chronological_holdout,sklearn_random_forest,prior_history_only,3,minimally_interpretable,1.5150925925925922,1.6400661010669484,0.12497350847435618,worse
8d47422f-2512-44a3-a6d6-8feb726f4759,chronological_holdout,sklearn_random_forest,prior_history_only,2,anecdotal_too_few_rows,0.6928571428571466,0.6500000000000004,-0.04285714285714626,improved
957de0b1-7ee9-437c-b47b-dffd09b6653a,chronological_holdout,sklearn_random_forest,prior_history_only,3,minimally_interpretable,1.1972727272727302,1.379484957118045,0.18221222984531482,worse
9cee6de4-93b3-46a7-a018-90f60d705ebb,chronological_holdout,sklearn_random_forest,prior_history_only,2,anecdotal_too_few_rows,1.4723214285714228,2.884864229969388,1.412542801397965,worse
a2d89dcf-6bd1-445b-bc9c-7ac6b852a9fc,chronological_holdout,sklearn_random_forest,prior_history_only,2,anecdotal_too_few_rows,0.12053571428571175,0.06867067140376193,-0.05186504288194982,improved
c887cb7e-63cf-4dc2-9fd2-8429137ba44b,chronological_holdout,sklearn_random_forest,prior_history_only,3,minimally_interpretable,1.9047619047619027,2.983323865858909,1.0785619610970063,worse
e362b878-9920-4dcf-9ab7-687a194a821c,chronological_holdout,sklearn_random_forest,prior_history_only,3,minimally_interpretable,2.015854978354979,1.2984623294910307,-0.7173926488639482,improved
e6e4e3b9-5cfa-42c6-a4cd-0f96561de3eb,chronological_holdout,sklearn_random_forest,prior_history_only,2,anecdotal_too_few_rows,3.081249999999999,2.9677401641177035,-0.11350983588229546,improved
ec3fc0a0-ab15-4c0c-b1ad-5243c6e5636f,chronological_holdout,sklearn_random_forest,prior_history_only,2,anecdotal_too_few_rows,1.1499999999999968,1.046149999999999,-0.10384999999999778,improved
efa2dbe6-24c0-4500-8b7b-1d5d14e1d271,chronological_holdout,sklearn_random_forest,prior_history_only,1,anecdotal_too_few_rows,1.6625000000000014,0.3609191231703477,-1.3015808768296537,improved
f2b08928-a410-4d1d-9f19-1f8c063a6311,chronological_holdout,sklearn_random_forest,prior_history_only,1,anecdotal_too_few_rows,0.03333333333333144,0.13382723678205366,0.10049390344872222,worse
fd0c9e61-cb99-4d60-ab37-b4b3f5ac60d2,chronological_holdout,sklearn_random_forest,prior_history_only,3,minimally_interpretable,1.06388888888889,1.1247385905274119,0.06084970163852188,worse
2068e7ec-51a8-441a-8053-2be7533e613f,chronological_holdout,sklearn_random_forest,prior_history_plus_actigraphy,2,anecdotal_too_few_rows,0.7009090909090858,0.49820619127603294,-0.20270289963305288,improved
687552ea-5963-45df-8680-c4c6058eab87,chronological_holdout,sklearn_random_forest,prior_history_plus_actigraphy,3,minimally_interpretable,2.8032407407407454,6.227735291342637,3.424494550601892,worse
6a2ca03c-e61b-4589-a931-58f5e25aacd8,chronological_holdout,sklearn_random_forest,prior_history_plus_actigraphy,1,anecdotal_too_few_rows,0.3999999999999986,0.37780748849103674,-0.022192511508961843,improved
86fed448-f51d-4005-aef8-bd9413933cbe,chronological_holdout,sklearn_random_forest,prior_history_plus_actigraphy,3,minimally_interpretable,1.5150925925925922,1.584506453851418,0.06941386125882576,worse
8d47422f-2512-44a3-a6d6-8feb726f4759,chronological_holdout,sklearn_random_forest,prior_history_plus_actigraphy,2,anecdotal_too_few_rows,0.6928571428571466,0.8564205297239802,0.16356338686683358,worse
957de0b1-7ee9-437c-b47b-dffd09b6653a,chronological_holdout,sklearn_random_forest,prior_history_plus_actigraphy,3,minimally_interpretable,1.1972727272727302,1.2888525229400258,0.09157979566729568,worse
9cee6de4-93b3-46a7-a018-90f60d705ebb,chronological_holdout,sklearn_random_forest,prior_history_plus_actigraphy,2,anecdotal_too_few_rows,1.4723214285714228,2.8722036239087814,1.3998821953373586,worse
a2d89dcf-6bd1-445b-bc9c-7ac6b852a9fc,chronological_holdout,sklearn_random_forest,prior_history_plus_actigraphy,2,anecdotal_too_few_rows,0.12053571428571175,0.04108539793539201,-0.07945031635031974,improved
c887cb7e-63cf-4dc2-9fd2-8429137ba44b,chronological_holdout,sklearn_random_forest,prior_history_plus_actigraphy,3,minimally_interpretable,1.9047619047619027,3.026301928419482,1.1215400236575792,worse
e362b878-9920-4dcf-9ab7-687a194a821c,chronological_holdout,sklearn_random_forest,prior_history_plus_actigraphy,3,minimally_interpretable,2.015854978354979,1.4670209404383823,-0.5488340379165966,improved
e6e4e3b9-5cfa-42c6-a4cd-0f96561de3eb,chronological_holdout,sklearn_random_forest,prior_history_plus_actigraphy,2,anecdotal_too_few_rows,3.081249999999999,2.830169161754048,-0.25108083824595084,improved
ec3fc0a0-ab15-4c0c-b1ad-5243c6e5636f,chronological_holdout,sklearn_random_forest,prior_history_plus_actigraphy,2,anecdotal_too_few_rows,1.1499999999999968,1.2044037642182381,0.054403764218241335,worse
efa2dbe6-24c0-4500-8b7b-1d5d14e1d271,chronological_holdout,sklearn_random_forest,prior_history_plus_actigraphy,1,anecdotal_too_few_rows,1.6625000000000014,0.5159871600526245,-1.146512839947377,improved
f2b08928-a410-4d1d-9f19-1f8c063a6311,chronological_holdout,sklearn_random_forest,prior_history_plus_actigraphy,1,anecdotal_too_few_rows,0.03333333333333144,0.35759072280582416,0.3242573894724927,worse
fd0c9e61-cb99-4d60-ab37-b4b3f5ac60d2,chronological_holdout,sklearn_random_forest,prior_history_plus_actigraphy,3,minimally_interpretable,1.06388888888889,1.0682510604648836,0.004362171575993612,worse
2068e7ec-51a8-441a-8053-2be7533e613f,chronological_holdout,sklearn_random_forest,prior_history_plus_caffeine,2,anecdotal_too_few_rows,0.7009090909090858,0.32559944524428985,-0.37530964566479597,improved
687552ea-5963-45df-8680-c4c6058eab87,chronological_holdout,sklearn_random_forest,prior_history_plus_caffeine,3,minimally_interpretable,2.8032407407407454,6.407644252289103,3.6044035115483575,worse
6a2ca03c-e61b-4589-a931-58f5e25aacd8,chronological_holdout,sklearn_random_forest,prior_history_plus_caffeine,1,anecdotal_too_few_rows,0.3999999999999986,0.030824689951430173,-0.3691753100485684,improved
86fed448-f51d-4005-aef8-bd9413933cbe,chronological_holdout,sklearn_random_forest,prior_history_plus_caffeine,3,minimally_interpretable,1.5150925925925922,1.5951325836584296,0.08003999106583737,worse
8d47422f-2512-44a3-a6d6-8feb726f4759,chronological_holdout,sklearn_random_forest,prior_history_plus_caffeine,2,anecdotal_too_few_rows,0.6928571428571466,0.7362597222222238,0.04340257936507719,worse
957de0b1-7ee9-437c-b47b-dffd09b6653a,chronological_holdout,sklearn_random_forest,prior_history_plus_caffeine,3,minimally_interpretable,1.1972727272727302,1.3765282471613378,0.17925551988860766,worse
9cee6de4-93b3-46a7-a018-90f60d705ebb,chronological_holdout,sklearn_random_forest,prior_history_plus_caffeine,2,anecdotal_too_few_rows,1.4723214285714228,3.008825463180621,1.536504034609198,worse
a2d89dcf-6bd1-445b-bc9c-7ac6b852a9fc,chronological_holdout,sklearn_random_forest,prior_history_plus_caffeine,2,anecdotal_too_few_rows,0.12053571428571175,0.06322911296220646,-0.05730660132350529,improved
c887cb7e-63cf-4dc2-9fd2-8429137ba44b,chronological_holdout,sklearn_random_forest,prior_history_plus_caffeine,3,minimally_interpretable,1.9047619047619027,3.0244819494218795,1.1197200446599769,worse
e362b878-9920-4dcf-9ab7-687a194a821c,chronological_holdout,sklearn_random_forest,prior_history_plus_caffeine,3,minimally_interpretable,2.015854978354979,1.291718393389638,-0.724136584965341,improved
e6e4e3b9-5cfa-42c6-a4cd-0f96561de3eb,chronological_holdout,sklearn_random_forest,prior_history_plus_caffeine,2,anecdotal_too_few_rows,3.081249999999999,2.9149187355462765,-0.16633126445372248,improved
ec3fc0a0-ab15-4c0c-b1ad-5243c6e5636f,chronological_holdout,sklearn_random_forest,prior_history_plus_caffeine,2,anecdotal_too_few_rows,1.1499999999999968,1.1029800019425018,-0.047019998057495016,improved
efa2dbe6-24c0-4500-8b7b-1d5d14e1d271,chronological_holdout,sklearn_random_forest,prior_history_plus_caffeine,1,anecdotal_too_few_rows,1.6625000000000014,0.23070702970825963,-1.4317929702917418,improved
f2b08928-a410-4d1d-9f19-1f8c063a6311,chronological_holdout,sklearn_random_forest,prior_history_plus_caffeine,1,anecdotal_too_few_rows,0.03333333333333144,0.17533142148623426,0.14199808815290282,worse
fd0c9e61-cb99-4d60-ab37-b4b3f5ac60d2,chronological_holdout,sklearn_random_forest,prior_history_plus_caffeine,3,minimally_interpretable,1.06388888888889,1.1390338286226485,0.07514493973375846,worse
2068e7ec-51a8-441a-8053-2be7533e613f,chronological_holdout,sklearn_random_forest,prior_history_plus_daily_sleep,2,anecdotal_too_few_rows,0.7009090909090858,0.5638085694534247,-0.1371005214556611,improved
687552ea-5963-45df-8680-c4c6058eab87,chronological_holdout,sklearn_random_forest,prior_history_plus_daily_sleep,3,minimally_interpretable,2.8032407407407454,6.44654029736603,3.643299556625285,worse
6a2ca03c-e61b-4589-a931-58f5e25aacd8,chronological_holdout,sklearn_random_forest,prior_history_plus_daily_sleep,1,anecdotal_too_few_rows,0.3999999999999986,0.19958147122896008,-0.2004185287710385,improved
86fed448-f51d-4005-aef8-bd9413933cbe,chronological_holdout,sklearn_random_forest,prior_history_plus_daily_sleep,3,minimally_interpretable,1.5150925925925922,1.8589414823663606,0.3438488897737684,worse
8d47422f-2512-44a3-a6d6-8feb726f4759,chronological_holdout,sklearn_random_forest,prior_history_plus_daily_sleep,2,anecdotal_too_few_rows,0.6928571428571466,0.6257583333333372,-0.06709880952380942,improved
957de0b1-7ee9-437c-b47b-dffd09b6653a,chronological_holdout,sklearn_random_forest,prior_history_plus_daily_sleep,3,minimally_interpretable,1.1972727272727302,1.2882102365227344,0.09093750925000421,worse
9cee6de4-93b3-46a7-a018-90f60d705ebb,chronological_holdout,sklearn_random_forest,prior_history_plus_daily_sleep,2,anecdotal_too_few_rows,1.4723214285714228,3.1127483251225954,1.6404268965511726,worse
a2d89dcf-6bd1-445b-bc9c-7ac6b852a9fc,chronological_holdout,sklearn_random_forest,prior_history_plus_daily_sleep,2,anecdotal_too_few_rows,0.12053571428571175,0.02317626540126483,-0.09735944888444692,improved
c887cb7e-63cf-4dc2-9fd2-8429137ba44b,chronological_holdout,sklearn_random_forest,prior_history_plus_daily_sleep,3,minimally_interpretable,1.9047619047619027,3.2056144649012466,1.300852560139344,worse
e362b878-9920-4dcf-9ab7-687a194a821c,chronological_holdout,sklearn_random_forest,prior_history_plus_daily_sleep,3,minimally_interpretable,2.015854978354979,1.2837552663572336,-0.7320997119977453,improved
e6e4e3b9-5cfa-42c6-a4cd-0f96561de3eb,chronological_holdout,sklearn_random_forest,prior_history_plus_daily_sleep,2,anecdotal_too_few_rows,3.081249999999999,2.879033320466867,-0.20221667953313194,improved
ec3fc0a0-ab15-4c0c-b1ad-5243c6e5636f,chronological_holdout,sklearn_random_forest,prior_history_plus_daily_sleep,2,anecdotal_too_few_rows,1.1499999999999968,1.4445080272410742,0.2945080272410774,worse
efa2dbe6-24c0-4500-8b7b-1d5d14e1d271,chronological_holdout,sklearn_random_forest,prior_history_plus_daily_sleep,1,anecdotal_too_few_rows,1.6625000000000014,0.8954509794118053,-0.7670490205881961,improved
f2b08928-a410-4d1d-9f19-1f8c063a6311,chronological_holdout,sklearn_random_forest,prior_history_plus_daily_sleep,1,anecdotal_too_few_rows,0.03333333333333144,0.3110062871477517,0.27767295381442025,worse
fd0c9e61-cb99-4d60-ab37-b4b3f5ac60d2,chronological_holdout,sklearn_random_forest,prior_history_plus_daily_sleep,3,minimally_interpretable,1.06388888888889,1.1834293539578813,0.1195404650689913,worse
2068e7ec-51a8-441a-8053-2be7533e613f,chronological_holdout,sklearn_random_forest,prior_history_plus_match_context,2,anecdotal_too_few_rows,0.7009090909090858,0.48585738175222204,-0.21505170915686378,improved
687552ea-5963-45df-8680-c4c6058eab87,chronological_holdout,sklearn_random_forest,prior_history_plus_match_context,3,minimally_interpretable,2.8032407407407454,6.372075953920799,3.5688352131800536,worse
6a2ca03c-e61b-4589-a931-58f5e25aacd8,chronological_holdout,sklearn_random_forest,prior_history_plus_match_context,1,anecdotal_too_few_rows,0.3999999999999986,0.225528098144558,-0.1744719018554406,improved
86fed448-f51d-4005-aef8-bd9413933cbe,chronological_holdout,sklearn_random_forest,prior_history_plus_match_context,3,minimally_interpretable,1.5150925925925922,1.5967280454406538,0.08163545284806162,worse
8d47422f-2512-44a3-a6d6-8feb726f4759,chronological_holdout,sklearn_random_forest,prior_history_plus_match_context,2,anecdotal_too_few_rows,0.6928571428571466,0.6921349657287177,-0.0007221771284289247,improved
957de0b1-7ee9-437c-b47b-dffd09b6653a,chronological_holdout,sklearn_random_forest,prior_history_plus_match_context,3,minimally_interpretable,1.1972727272727302,1.379484957118045,0.18221222984531482,worse
9cee6de4-93b3-46a7-a018-90f60d705ebb,chronological_holdout,sklearn_random_forest,prior_history_plus_match_context,2,anecdotal_too_few_rows,1.4723214285714228,2.884864229969388,1.412542801397965,worse
a2d89dcf-6bd1-445b-bc9c-7ac6b852a9fc,chronological_holdout,sklearn_random_forest,prior_history_plus_match_context,2,anecdotal_too_few_rows,0.12053571428571175,0.06867067140376193,-0.05186504288194982,improved
c887cb7e-63cf-4dc2-9fd2-8429137ba44b,chronological_holdout,sklearn_random_forest,prior_history_plus_match_context,3,minimally_interpretable,1.9047619047619027,3.002350152535191,1.0975882477732883,worse
e362b878-9920-4dcf-9ab7-687a194a821c,chronological_holdout,sklearn_random_forest,prior_history_plus_match_context,3,minimally_interpretable,2.015854978354979,1.4190538855605712,-0.5968010927944076,improved
e6e4e3b9-5cfa-42c6-a4cd-0f96561de3eb,chronological_holdout,sklearn_random_forest,prior_history_plus_match_context,2,anecdotal_too_few_rows,3.081249999999999,2.961152539446621,-0.120097460553378,improved
ec3fc0a0-ab15-4c0c-b1ad-5243c6e5636f,chronological_holdout,sklearn_random_forest,prior_history_plus_match_context,2,anecdotal_too_few_rows,1.1499999999999968,1.1075482857420358,-0.042451714257961015,improved
efa2dbe6-24c0-4500-8b7b-1d5d14e1d271,chronological_holdout,sklearn_random_forest,prior_history_plus_match_context,1,anecdotal_too_few_rows,1.6625000000000014,0.44623072635473804,-1.2162692736452634,improved
f2b08928-a410-4d1d-9f19-1f8c063a6311,chronological_holdout,sklearn_random_forest,prior_history_plus_match_context,1,anecdotal_too_few_rows,0.03333333333333144,0.0858757704379336,0.05254243710460216,worse
fd0c9e61-cb99-4d60-ab37-b4b3f5ac60d2,chronological_holdout,sklearn_random_forest,prior_history_plus_match_context,3,minimally_interpretable,1.06388888888889,1.1247385905274119,0.06084970163852188,worse
2068e7ec-51a8-441a-8053-2be7533e613f,chronological_holdout,sklearn_random_forest,prior_history_plus_wellness,2,anecdotal_too_few_rows,0.7009090909090858,0.3000000000000007,-0.4009090909090851,improved
687552ea-5963-45df-8680-c4c6058eab87,chronological_holdout,sklearn_random_forest,prior_history_plus_wellness,3,minimally_interpretable,2.8032407407407454,6.376406822589175,3.5731660818484294,worse
6a2ca03c-e61b-4589-a931-58f5e25aacd8,chronological_holdout,sklearn_random_forest,prior_history_plus_wellness,1,anecdotal_too_few_rows,0.3999999999999986,0.7100182379539888,0.3100182379539902,worse
86fed448-f51d-4005-aef8-bd9413933cbe,chronological_holdout,sklearn_random_forest,prior_history_plus_wellness,3,minimally_interpretable,1.5150925925925922,1.6432413983201475,0.12814880572755527,worse
8d47422f-2512-44a3-a6d6-8feb726f4759,chronological_holdout,sklearn_random_forest,prior_history_plus_wellness,2,anecdotal_too_few_rows,0.6928571428571466,0.6500000000000004,-0.04285714285714626,improved
957de0b1-7ee9-437c-b47b-dffd09b6653a,chronological_holdout,sklearn_random_forest,prior_history_plus_wellness,3,minimally_interpretable,1.1972727272727302,1.371296068229159,0.1740233409564289,worse
9cee6de4-93b3-46a7-a018-90f60d705ebb,chronological_holdout,sklearn_random_forest,prior_history_plus_wellness,2,anecdotal_too_few_rows,1.4723214285714228,2.9688846664773223,1.4965632379058995,worse
a2d89dcf-6bd1-445b-bc9c-7ac6b852a9fc,chronological_holdout,sklearn_random_forest,prior_history_plus_wellness,2,anecdotal_too_few_rows,0.12053571428571175,0.07400400473709823,-0.04653170954861352,improved
c887cb7e-63cf-4dc2-9fd2-8429137ba44b,chronological_holdout,sklearn_random_forest,prior_history_plus_wellness,3,minimally_interpretable,1.9047619047619027,3.041276235307477,1.1365143305455743,worse
e362b878-9920-4dcf-9ab7-687a194a821c,chronological_holdout,sklearn_random_forest,prior_history_plus_wellness,3,minimally_interpretable,2.015854978354979,1.5206387313184802,-0.4952162470364987,improved
e6e4e3b9-5cfa-42c6-a4cd-0f96561de3eb,chronological_holdout,sklearn_random_forest,prior_history_plus_wellness,2,anecdotal_too_few_rows,3.081249999999999,3.01382108949608,-0.06742891050391897,improved
ec3fc0a0-ab15-4c0c-b1ad-5243c6e5636f,chronological_holdout,sklearn_random_forest,prior_history_plus_wellness,2,anecdotal_too_few_rows,1.1499999999999968,1.0595984848484825,-0.09040151515151429,improved
efa2dbe6-24c0-4500-8b7b-1d5d14e1d271,chronological_holdout,sklearn_random_forest,prior_history_plus_wellness,1,anecdotal_too_few_rows,1.6625000000000014,0.327711893373138,-1.3347881066268634,improved
f2b08928-a410-4d1d-9f19-1f8c063a6311,chronological_holdout,sklearn_random_forest,prior_history_plus_wellness,1,anecdotal_too_few_rows,0.03333333333333144,0.09262787241662451,0.059294539083293074,worse
fd0c9e61-cb99-4d60-ab37-b4b3f5ac60d2,chronological_holdout,sklearn_random_forest,prior_history_plus_wellness,3,minimally_interpretable,1.06388888888889,1.111098766925089,0.047209878036198916,worse
2068e7ec-51a8-441a-8053-2be7533e613f,chronological_holdout,sklearn_ridge,all_track_b_exploratory,2,anecdotal_too_few_rows,0.7009090909090858,0.6503661426468952,-0.050542948262190635,improved
687552ea-5963-45df-8680-c4c6058eab87,chronological_holdout,sklearn_ridge,all_track_b_exploratory,3,minimally_interpretable,2.8032407407407454,2.6040772606726676,-0.19916348006807771,improved
6a2ca03c-e61b-4589-a931-58f5e25aacd8,chronological_holdout,sklearn_ridge,all_track_b_exploratory,1,anecdotal_too_few_rows,0.3999999999999986,1.4898084455030016,1.089808445503003,worse
86fed448-f51d-4005-aef8-bd9413933cbe,chronological_holdout,sklearn_ridge,all_track_b_exploratory,3,minimally_interpretable,1.5150925925925922,1.871314729301402,0.35622213670880987,worse
8d47422f-2512-44a3-a6d6-8feb726f4759,chronological_holdout,sklearn_ridge,all_track_b_exploratory,2,anecdotal_too_few_rows,0.6928571428571466,2.0058914543611994,1.3130343115040528,worse
957de0b1-7ee9-437c-b47b-dffd09b6653a,chronological_holdout,sklearn_ridge,all_track_b_exploratory,3,minimally_interpretable,1.1972727272727302,2.2978014154298756,1.1005286881571454,worse
9cee6de4-93b3-46a7-a018-90f60d705ebb,chronological_holdout,sklearn_ridge,all_track_b_exploratory,2,anecdotal_too_few_rows,1.4723214285714228,1.345834523021047,-0.1264869055503759,improved
a2d89dcf-6bd1-445b-bc9c-7ac6b852a9fc,chronological_holdout,sklearn_ridge,all_track_b_exploratory,2,anecdotal_too_few_rows,0.12053571428571175,0.20893950065695321,0.08840378637124147,worse
c887cb7e-63cf-4dc2-9fd2-8429137ba44b,chronological_holdout,sklearn_ridge,all_track_b_exploratory,3,minimally_interpretable,1.9047619047619027,3.8291675902698614,1.9244056855079588,worse
e362b878-9920-4dcf-9ab7-687a194a821c,chronological_holdout,sklearn_ridge,all_track_b_exploratory,3,minimally_interpretable,2.015854978354979,0.5738082413606058,-1.442046736994373,improved
e6e4e3b9-5cfa-42c6-a4cd-0f96561de3eb,chronological_holdout,sklearn_ridge,all_track_b_exploratory,2,anecdotal_too_few_rows,3.081249999999999,2.445525356892629,-0.6357246431073698,improved
ec3fc0a0-ab15-4c0c-b1ad-5243c6e5636f,chronological_holdout,sklearn_ridge,all_track_b_exploratory,2,anecdotal_too_few_rows,1.1499999999999968,1.6800782703868595,0.5300782703868627,worse
efa2dbe6-24c0-4500-8b7b-1d5d14e1d271,chronological_holdout,sklearn_ridge,all_track_b_exploratory,1,anecdotal_too_few_rows,1.6625000000000014,2.0466488254074378,0.38414882540743633,worse
f2b08928-a410-4d1d-9f19-1f8c063a6311,chronological_holdout,sklearn_ridge,all_track_b_exploratory,1,anecdotal_too_few_rows,0.03333333333333144,2.586656151843286,2.5533228185099546,worse
fd0c9e61-cb99-4d60-ab37-b4b3f5ac60d2,chronological_holdout,sklearn_ridge,all_track_b_exploratory,3,minimally_interpretable,1.06388888888889,2.636281880850035,1.572392991961145,worse
2068e7ec-51a8-441a-8053-2be7533e613f,chronological_holdout,sklearn_ridge,prior_history_only,2,anecdotal_too_few_rows,0.7009090909090858,2.7273395196699113,2.0264304287608255,worse
687552ea-5963-45df-8680-c4c6058eab87,chronological_holdout,sklearn_ridge,prior_history_only,3,minimally_interpretable,2.8032407407407454,2.7575358174499676,-0.0457049232907778,improved
6a2ca03c-e61b-4589-a931-58f5e25aacd8,chronological_holdout,sklearn_ridge,prior_history_only,1,anecdotal_too_few_rows,0.3999999999999986,0.9477866378729374,0.5477866378729388,worse
86fed448-f51d-4005-aef8-bd9413933cbe,chronological_holdout,sklearn_ridge,prior_history_only,3,minimally_interpretable,1.5150925925925922,1.7892696101199317,0.2741770175273395,worse
8d47422f-2512-44a3-a6d6-8feb726f4759,chronological_holdout,sklearn_ridge,prior_history_only,2,anecdotal_too_few_rows,0.6928571428571466,1.2788114690911563,0.5859543262340097,worse
957de0b1-7ee9-437c-b47b-dffd09b6653a,chronological_holdout,sklearn_ridge,prior_history_only,3,minimally_interpretable,1.1972727272727302,1.86243617306463,0.6651634457918998,worse
9cee6de4-93b3-46a7-a018-90f60d705ebb,chronological_holdout,sklearn_ridge,prior_history_only,2,anecdotal_too_few_rows,1.4723214285714228,1.0932637242991774,-0.3790577042722454,improved
a2d89dcf-6bd1-445b-bc9c-7ac6b852a9fc,chronological_holdout,sklearn_ridge,prior_history_only,2,anecdotal_too_few_rows,0.12053571428571175,0.29624188480547353,0.17570617051976178,worse
c887cb7e-63cf-4dc2-9fd2-8429137ba44b,chronological_holdout,sklearn_ridge,prior_history_only,3,minimally_interpretable,1.9047619047619027,1.900916545182773,-0.0038453595791296813,improved
e362b878-9920-4dcf-9ab7-687a194a821c,chronological_holdout,sklearn_ridge,prior_history_only,3,minimally_interpretable,2.015854978354979,2.036005931583125,0.020150953228146307,worse
e6e4e3b9-5cfa-42c6-a4cd-0f96561de3eb,chronological_holdout,sklearn_ridge,prior_history_only,2,anecdotal_too_few_rows,3.081249999999999,3.383951249185845,0.30270124918584607,worse
ec3fc0a0-ab15-4c0c-b1ad-5243c6e5636f,chronological_holdout,sklearn_ridge,prior_history_only,2,anecdotal_too_few_rows,1.1499999999999968,1.0405084961586724,-0.10949150384132444,improved
efa2dbe6-24c0-4500-8b7b-1d5d14e1d271,chronological_holdout,sklearn_ridge,prior_history_only,1,anecdotal_too_few_rows,1.6625000000000014,1.4209118996893508,-0.2415881003106506,improved
f2b08928-a410-4d1d-9f19-1f8c063a6311,chronological_holdout,sklearn_ridge,prior_history_only,1,anecdotal_too_few_rows,0.03333333333333144,0.4642049173503544,0.43087158401702297,worse
fd0c9e61-cb99-4d60-ab37-b4b3f5ac60d2,chronological_holdout,sklearn_ridge,prior_history_only,3,minimally_interpretable,1.06388888888889,2.4651479790122814,1.4012590901233914,worse
2068e7ec-51a8-441a-8053-2be7533e613f,chronological_holdout,sklearn_ridge,prior_history_plus_actigraphy,2,anecdotal_too_few_rows,0.7009090909090858,1.7413928867711839,1.040483795862098,worse
687552ea-5963-45df-8680-c4c6058eab87,chronological_holdout,sklearn_ridge,prior_history_plus_actigraphy,3,minimally_interpretable,2.8032407407407454,2.8801379552931485,0.07689721455240317,worse
6a2ca03c-e61b-4589-a931-58f5e25aacd8,chronological_holdout,sklearn_ridge,prior_history_plus_actigraphy,1,anecdotal_too_few_rows,0.3999999999999986,0.24950482225705883,-0.15049517774293975,improved
86fed448-f51d-4005-aef8-bd9413933cbe,chronological_holdout,sklearn_ridge,prior_history_plus_actigraphy,3,minimally_interpretable,1.5150925925925922,1.8575424914987053,0.3424498989061131,worse
8d47422f-2512-44a3-a6d6-8feb726f4759,chronological_holdout,sklearn_ridge,prior_history_plus_actigraphy,2,anecdotal_too_few_rows,0.6928571428571466,2.1579331413158105,1.4650759984586639,worse
957de0b1-7ee9-437c-b47b-dffd09b6653a,chronological_holdout,sklearn_ridge,prior_history_plus_actigraphy,3,minimally_interpretable,1.1972727272727302,2.149345817806825,0.9520730905340951,worse
9cee6de4-93b3-46a7-a018-90f60d705ebb,chronological_holdout,sklearn_ridge,prior_history_plus_actigraphy,2,anecdotal_too_few_rows,1.4723214285714228,1.7599575975836466,0.2876361690122238,worse
a2d89dcf-6bd1-445b-bc9c-7ac6b852a9fc,chronological_holdout,sklearn_ridge,prior_history_plus_actigraphy,2,anecdotal_too_few_rows,0.12053571428571175,0.09529358307272418,-0.025242131212987573,improved
c887cb7e-63cf-4dc2-9fd2-8429137ba44b,chronological_holdout,sklearn_ridge,prior_history_plus_actigraphy,3,minimally_interpretable,1.9047619047619027,2.7812000470608402,0.8764381422989376,worse
e362b878-9920-4dcf-9ab7-687a194a821c,chronological_holdout,sklearn_ridge,prior_history_plus_actigraphy,3,minimally_interpretable,2.015854978354979,1.4743371238900582,-0.5415178544649206,improved
e6e4e3b9-5cfa-42c6-a4cd-0f96561de3eb,chronological_holdout,sklearn_ridge,prior_history_plus_actigraphy,2,anecdotal_too_few_rows,3.081249999999999,3.267764683018468,0.18651468301846919,worse
ec3fc0a0-ab15-4c0c-b1ad-5243c6e5636f,chronological_holdout,sklearn_ridge,prior_history_plus_actigraphy,2,anecdotal_too_few_rows,1.1499999999999968,1.222625156423156,0.07262515642315925,worse
efa2dbe6-24c0-4500-8b7b-1d5d14e1d271,chronological_holdout,sklearn_ridge,prior_history_plus_actigraphy,1,anecdotal_too_few_rows,1.6625000000000014,2.641115534433048,0.9786155344330467,worse
f2b08928-a410-4d1d-9f19-1f8c063a6311,chronological_holdout,sklearn_ridge,prior_history_plus_actigraphy,1,anecdotal_too_few_rows,0.03333333333333144,2.032613030725898,1.9992796973925664,worse
fd0c9e61-cb99-4d60-ab37-b4b3f5ac60d2,chronological_holdout,sklearn_ridge,prior_history_plus_actigraphy,3,minimally_interpretable,1.06388888888889,2.2327668822798614,1.1688779933909714,worse
2068e7ec-51a8-441a-8053-2be7533e613f,chronological_holdout,sklearn_ridge,prior_history_plus_caffeine,2,anecdotal_too_few_rows,0.7009090909090858,3.0266966054365056,2.32578751452742,worse
687552ea-5963-45df-8680-c4c6058eab87,chronological_holdout,sklearn_ridge,prior_history_plus_caffeine,3,minimally_interpretable,2.8032407407407454,2.6762719903657506,-0.12696875037499478,improved
6a2ca03c-e61b-4589-a931-58f5e25aacd8,chronological_holdout,sklearn_ridge,prior_history_plus_caffeine,1,anecdotal_too_few_rows,0.3999999999999986,0.9375294001570538,0.5375294001570552,worse
86fed448-f51d-4005-aef8-bd9413933cbe,chronological_holdout,sklearn_ridge,prior_history_plus_caffeine,3,minimally_interpretable,1.5150925925925922,1.6562300130025125,0.14113742040992028,worse
8d47422f-2512-44a3-a6d6-8feb726f4759,chronological_holdout,sklearn_ridge,prior_history_plus_caffeine,2,anecdotal_too_few_rows,0.6928571428571466,1.1621978831771003,0.46934074031995365,worse
957de0b1-7ee9-437c-b47b-dffd09b6653a,chronological_holdout,sklearn_ridge,prior_history_plus_caffeine,3,minimally_interpretable,1.1972727272727302,1.631653517880416,0.43438079060768575,worse
9cee6de4-93b3-46a7-a018-90f60d705ebb,chronological_holdout,sklearn_ridge,prior_history_plus_caffeine,2,anecdotal_too_few_rows,1.4723214285714228,1.0825300293308686,-0.38979139924055417,improved
a2d89dcf-6bd1-445b-bc9c-7ac6b852a9fc,chronological_holdout,sklearn_ridge,prior_history_plus_caffeine,2,anecdotal_too_few_rows,0.12053571428571175,0.504848547663002,0.3843128333772903,worse
c887cb7e-63cf-4dc2-9fd2-8429137ba44b,chronological_holdout,sklearn_ridge,prior_history_plus_caffeine,3,minimally_interpretable,1.9047619047619027,1.997312779142515,0.09255087438061227,worse
e362b878-9920-4dcf-9ab7-687a194a821c,chronological_holdout,sklearn_ridge,prior_history_plus_caffeine,3,minimally_interpretable,2.015854978354979,1.983425514887364,-0.03242946346761477,improved
e6e4e3b9-5cfa-42c6-a4cd-0f96561de3eb,chronological_holdout,sklearn_ridge,prior_history_plus_caffeine,2,anecdotal_too_few_rows,3.081249999999999,3.6085955206060323,0.5273455206060333,worse
ec3fc0a0-ab15-4c0c-b1ad-5243c6e5636f,chronological_holdout,sklearn_ridge,prior_history_plus_caffeine,2,anecdotal_too_few_rows,1.1499999999999968,0.8865473209837447,-0.26345267901625213,improved
efa2dbe6-24c0-4500-8b7b-1d5d14e1d271,chronological_holdout,sklearn_ridge,prior_history_plus_caffeine,1,anecdotal_too_few_rows,1.6625000000000014,1.618610851661586,-0.043889148338415396,improved
f2b08928-a410-4d1d-9f19-1f8c063a6311,chronological_holdout,sklearn_ridge,prior_history_plus_caffeine,1,anecdotal_too_few_rows,0.03333333333333144,0.2914289561517833,0.2580956228184519,worse
fd0c9e61-cb99-4d60-ab37-b4b3f5ac60d2,chronological_holdout,sklearn_ridge,prior_history_plus_caffeine,3,minimally_interpretable,1.06388888888889,2.5274166962510947,1.4635278073622047,worse
2068e7ec-51a8-441a-8053-2be7533e613f,chronological_holdout,sklearn_ridge,prior_history_plus_daily_sleep,2,anecdotal_too_few_rows,0.7009090909090858,2.3268408170438164,1.6259317261347306,worse
687552ea-5963-45df-8680-c4c6058eab87,chronological_holdout,sklearn_ridge,prior_history_plus_daily_sleep,3,minimally_interpretable,2.8032407407407454,2.7153542006186697,-0.08788654012207564,improved
6a2ca03c-e61b-4589-a931-58f5e25aacd8,chronological_holdout,sklearn_ridge,prior_history_plus_daily_sleep,1,anecdotal_too_few_rows,0.3999999999999986,1.0297555332811825,0.6297555332811839,worse
86fed448-f51d-4005-aef8-bd9413933cbe,chronological_holdout,sklearn_ridge,prior_history_plus_daily_sleep,3,minimally_interpretable,1.5150925925925922,1.677676783888553,0.1625841912959607,worse
8d47422f-2512-44a3-a6d6-8feb726f4759,chronological_holdout,sklearn_ridge,prior_history_plus_daily_sleep,2,anecdotal_too_few_rows,0.6928571428571466,1.884215229848662,1.1913580869915155,worse
957de0b1-7ee9-437c-b47b-dffd09b6653a,chronological_holdout,sklearn_ridge,prior_history_plus_daily_sleep,3,minimally_interpretable,1.1972727272727302,1.962166899197,0.7648941719242699,worse
9cee6de4-93b3-46a7-a018-90f60d705ebb,chronological_holdout,sklearn_ridge,prior_history_plus_daily_sleep,2,anecdotal_too_few_rows,1.4723214285714228,1.068459080982258,-0.4038623475891647,improved
a2d89dcf-6bd1-445b-bc9c-7ac6b852a9fc,chronological_holdout,sklearn_ridge,prior_history_plus_daily_sleep,2,anecdotal_too_few_rows,0.12053571428571175,0.7547462378345067,0.6342105235487949,worse
c887cb7e-63cf-4dc2-9fd2-8429137ba44b,chronological_holdout,sklearn_ridge,prior_history_plus_daily_sleep,3,minimally_interpretable,1.9047619047619027,2.1382978829778523,0.23353597821594962,worse
e362b878-9920-4dcf-9ab7-687a194a821c,chronological_holdout,sklearn_ridge,prior_history_plus_daily_sleep,3,minimally_interpretable,2.015854978354979,1.6917022384534768,-0.32415273990150206,improved
e6e4e3b9-5cfa-42c6-a4cd-0f96561de3eb,chronological_holdout,sklearn_ridge,prior_history_plus_daily_sleep,2,anecdotal_too_few_rows,3.081249999999999,2.7672265743482107,-0.3140234256517882,improved
ec3fc0a0-ab15-4c0c-b1ad-5243c6e5636f,chronological_holdout,sklearn_ridge,prior_history_plus_daily_sleep,2,anecdotal_too_few_rows,1.1499999999999968,1.92952252640152,0.7795225264015233,worse
efa2dbe6-24c0-4500-8b7b-1d5d14e1d271,chronological_holdout,sklearn_ridge,prior_history_plus_daily_sleep,1,anecdotal_too_few_rows,1.6625000000000014,1.6290422551252988,-0.033457744874702655,improved
f2b08928-a410-4d1d-9f19-1f8c063a6311,chronological_holdout,sklearn_ridge,prior_history_plus_daily_sleep,1,anecdotal_too_few_rows,0.03333333333333144,0.4661705834060328,0.43283725007270135,worse
fd0c9e61-cb99-4d60-ab37-b4b3f5ac60d2,chronological_holdout,sklearn_ridge,prior_history_plus_daily_sleep,3,minimally_interpretable,1.06388888888889,2.804544351648713,1.7406554627598232,worse
2068e7ec-51a8-441a-8053-2be7533e613f,chronological_holdout,sklearn_ridge,prior_history_plus_match_context,2,anecdotal_too_few_rows,0.7009090909090858,2.703627526142423,2.002718435233337,worse
687552ea-5963-45df-8680-c4c6058eab87,chronological_holdout,sklearn_ridge,prior_history_plus_match_context,3,minimally_interpretable,2.8032407407407454,2.2814821029116246,-0.5217586378291208,improved
6a2ca03c-e61b-4589-a931-58f5e25aacd8,chronological_holdout,sklearn_ridge,prior_history_plus_match_context,1,anecdotal_too_few_rows,0.3999999999999986,0.2941824226389187,-0.10581757736107988,improved
86fed448-f51d-4005-aef8-bd9413933cbe,chronological_holdout,sklearn_ridge,prior_history_plus_match_context,3,minimally_interpretable,1.5150925925925922,2.0898921105169586,0.5747995179243663,worse
8d47422f-2512-44a3-a6d6-8feb726f4759,chronological_holdout,sklearn_ridge,prior_history_plus_match_context,2,anecdotal_too_few_rows,0.6928571428571466,0.9188463092281918,0.22598916637104516,worse
957de0b1-7ee9-437c-b47b-dffd09b6653a,chronological_holdout,sklearn_ridge,prior_history_plus_match_context,3,minimally_interpretable,1.1972727272727302,2.485190936114345,1.2879182088416148,worse
9cee6de4-93b3-46a7-a018-90f60d705ebb,chronological_holdout,sklearn_ridge,prior_history_plus_match_context,2,anecdotal_too_few_rows,1.4723214285714228,1.47801369783771,0.005692269266287298,worse
a2d89dcf-6bd1-445b-bc9c-7ac6b852a9fc,chronological_holdout,sklearn_ridge,prior_history_plus_match_context,2,anecdotal_too_few_rows,0.12053571428571175,0.7823975707089019,0.6618618564231902,worse
c887cb7e-63cf-4dc2-9fd2-8429137ba44b,chronological_holdout,sklearn_ridge,prior_history_plus_match_context,3,minimally_interpretable,1.9047619047619027,2.2247833656086264,0.3200214608467238,worse
e362b878-9920-4dcf-9ab7-687a194a821c,chronological_holdout,sklearn_ridge,prior_history_plus_match_context,3,minimally_interpretable,2.015854978354979,1.5152974917998125,-0.5005574865551663,improved
e6e4e3b9-5cfa-42c6-a4cd-0f96561de3eb,chronological_holdout,sklearn_ridge,prior_history_plus_match_context,2,anecdotal_too_few_rows,3.081249999999999,3.0642425301323613,-0.01700746986763768,improved
ec3fc0a0-ab15-4c0c-b1ad-5243c6e5636f,chronological_holdout,sklearn_ridge,prior_history_plus_match_context,2,anecdotal_too_few_rows,1.1499999999999968,1.4065202601398816,0.2565202601398848,worse
efa2dbe6-24c0-4500-8b7b-1d5d14e1d271,chronological_holdout,sklearn_ridge,prior_history_plus_match_context,1,anecdotal_too_few_rows,1.6625000000000014,1.1759653524464824,-0.48653464755351905,improved
f2b08928-a410-4d1d-9f19-1f8c063a6311,chronological_holdout,sklearn_ridge,prior_history_plus_match_context,1,anecdotal_too_few_rows,0.03333333333333144,1.0028342860963804,0.9695009527630489,worse
fd0c9e61-cb99-4d60-ab37-b4b3f5ac60d2,chronological_holdout,sklearn_ridge,prior_history_plus_match_context,3,minimally_interpretable,1.06388888888889,2.7791587315039146,1.7152698426150246,worse
2068e7ec-51a8-441a-8053-2be7533e613f,chronological_holdout,sklearn_ridge,prior_history_plus_wellness,2,anecdotal_too_few_rows,0.7009090909090858,1.0409180391472184,0.34000894823813255,worse
687552ea-5963-45df-8680-c4c6058eab87,chronological_holdout,sklearn_ridge,prior_history_plus_wellness,3,minimally_interpretable,2.8032407407407454,3.116491651790978,0.3132509110502326,worse
6a2ca03c-e61b-4589-a931-58f5e25aacd8,chronological_holdout,sklearn_ridge,prior_history_plus_wellness,1,anecdotal_too_few_rows,0.3999999999999986,2.246085991323696,1.8460859913236973,worse
86fed448-f51d-4005-aef8-bd9413933cbe,chronological_holdout,sklearn_ridge,prior_history_plus_wellness,3,minimally_interpretable,1.5150925925925922,1.2977224348052456,-0.21737015778734659,improved
8d47422f-2512-44a3-a6d6-8feb726f4759,chronological_holdout,sklearn_ridge,prior_history_plus_wellness,2,anecdotal_too_few_rows,0.6928571428571466,0.5656193790006547,-0.12723776385649188,improved
957de0b1-7ee9-437c-b47b-dffd09b6653a,chronological_holdout,sklearn_ridge,prior_history_plus_wellness,3,minimally_interpretable,1.1972727272727302,1.4216944753340879,0.22442174806135773,worse
9cee6de4-93b3-46a7-a018-90f60d705ebb,chronological_holdout,sklearn_ridge,prior_history_plus_wellness,2,anecdotal_too_few_rows,1.4723214285714228,1.2018619773638335,-0.2704594512075893,improved
a2d89dcf-6bd1-445b-bc9c-7ac6b852a9fc,chronological_holdout,sklearn_ridge,prior_history_plus_wellness,2,anecdotal_too_few_rows,0.12053571428571175,1.1599840226728375,1.0394483083871258,worse
c887cb7e-63cf-4dc2-9fd2-8429137ba44b,chronological_holdout,sklearn_ridge,prior_history_plus_wellness,3,minimally_interpretable,1.9047619047619027,2.6925286839118563,0.7877667791499536,worse
e362b878-9920-4dcf-9ab7-687a194a821c,chronological_holdout,sklearn_ridge,prior_history_plus_wellness,3,minimally_interpretable,2.015854978354979,1.724914444956685,-0.29094053339829395,improved
e6e4e3b9-5cfa-42c6-a4cd-0f96561de3eb,chronological_holdout,sklearn_ridge,prior_history_plus_wellness,2,anecdotal_too_few_rows,3.081249999999999,4.336578231451197,1.2553282314511982,worse
ec3fc0a0-ab15-4c0c-b1ad-5243c6e5636f,chronological_holdout,sklearn_ridge,prior_history_plus_wellness,2,anecdotal_too_few_rows,1.1499999999999968,1.1613440333617753,0.011344033361778472,worse
efa2dbe6-24c0-4500-8b7b-1d5d14e1d271,chronological_holdout,sklearn_ridge,prior_history_plus_wellness,1,anecdotal_too_few_rows,1.6625000000000014,2.9462370627349657,1.2837370627349642,worse
f2b08928-a410-4d1d-9f19-1f8c063a6311,chronological_holdout,sklearn_ridge,prior_history_plus_wellness,1,anecdotal_too_few_rows,0.03333333333333144,0.3505533953895572,0.31722006205622577,worse
fd0c9e61-cb99-4d60-ab37-b4b3f5ac60d2,chronological_holdout,sklearn_ridge,prior_history_plus_wellness,3,minimally_interpretable,1.06388888888889,2.433675292531369,1.369786403642479,worse
2068e7ec-51a8-441a-8053-2be7533e613f,leave_one_athlete_out,sklearn_random_forest,all_track_b_exploratory,5,minimally_interpretable,1.5164747474747444,1.7848672302860493,0.2683924828113049,worse
687552ea-5963-45df-8680-c4c6058eab87,leave_one_athlete_out,sklearn_random_forest,all_track_b_exploratory,7,minimally_interpretable,3.171865079365079,3.18867748343282,0.016812404067741316,worse
6a2ca03c-e61b-4589-a931-58f5e25aacd8,leave_one_athlete_out,sklearn_random_forest,all_track_b_exploratory,1,anecdotal_too_few_rows,0.3999999999999986,1.0274631228742521,0.6274631228742535,worse
86fed448-f51d-4005-aef8-bd9413933cbe,leave_one_athlete_out,sklearn_random_forest,all_track_b_exploratory,8,minimally_interpretable,1.2142609126984119,1.162103039032226,-0.05215787366618585,improved
8d47422f-2512-44a3-a6d6-8feb726f4759,leave_one_athlete_out,sklearn_random_forest,all_track_b_exploratory,4,minimally_interpretable,0.5589285714285737,0.7644592525888729,0.20553068116029927,worse
957de0b1-7ee9-437c-b47b-dffd09b6653a,leave_one_athlete_out,sklearn_random_forest,all_track_b_exploratory,9,minimally_interpretable,1.2313792688792695,2.2292273182933013,0.9978480494140318,worse
9cee6de4-93b3-46a7-a018-90f60d705ebb,leave_one_athlete_out,sklearn_random_forest,all_track_b_exploratory,6,minimally_interpretable,2.749662698412694,6.712179184622578,3.9625164862098834,worse
a2d89dcf-6bd1-445b-bc9c-7ac6b852a9fc,leave_one_athlete_out,sklearn_random_forest,all_track_b_exploratory,6,minimally_interpretable,0.4951785714285701,1.1937201086054265,0.6985415371768564,worse
c887cb7e-63cf-4dc2-9fd2-8429137ba44b,leave_one_athlete_out,sklearn_random_forest,all_track_b_exploratory,7,minimally_interpretable,1.6356122448979573,3.172386719873971,1.5367744749760137,worse
e362b878-9920-4dcf-9ab7-687a194a821c,leave_one_athlete_out,sklearn_random_forest,all_track_b_exploratory,7,minimally_interpretable,1.8715568954854684,1.9062593853155718,0.03470248983010338,worse
e6e4e3b9-5cfa-42c6-a4cd-0f96561de3eb,leave_one_athlete_out,sklearn_random_forest,all_track_b_exploratory,6,minimally_interpretable,1.8412499999999998,1.8068272500213312,-0.034422749978668676,improved
ec3fc0a0-ab15-4c0c-b1ad-5243c6e5636f,leave_one_athlete_out,sklearn_random_forest,all_track_b_exploratory,6,minimally_interpretable,1.8894444444444425,1.5929402867773284,-0.29650415766711413,improved
efa2dbe6-24c0-4500-8b7b-1d5d14e1d271,leave_one_athlete_out,sklearn_random_forest,all_track_b_exploratory,3,minimally_interpretable,2.6486111111111144,1.9690354361692985,-0.6795756749418158,improved
f2b08928-a410-4d1d-9f19-1f8c063a6311,leave_one_athlete_out,sklearn_random_forest,all_track_b_exploratory,1,anecdotal_too_few_rows,0.03333333333333144,0.7015537196860073,0.6682203863526759,worse
fd0c9e61-cb99-4d60-ab37-b4b3f5ac60d2,leave_one_athlete_out,sklearn_random_forest,all_track_b_exploratory,8,minimally_interpretable,1.1163392857142878,3.860566100525264,2.7442268148109763,worse
2068e7ec-51a8-441a-8053-2be7533e613f,leave_one_athlete_out,sklearn_random_forest,prior_history_only,5,minimally_interpretable,1.5164747474747444,1.4780884061689974,-0.03838634130574703,improved
687552ea-5963-45df-8680-c4c6058eab87,leave_one_athlete_out,sklearn_random_forest,prior_history_only,7,minimally_interpretable,3.171865079365079,3.3948498343935762,0.22298475502849735,worse
6a2ca03c-e61b-4589-a931-58f5e25aacd8,leave_one_athlete_out,sklearn_random_forest,prior_history_only,1,anecdotal_too_few_rows,0.3999999999999986,0.039877890336804,-0.3601221096631946,improved
86fed448-f51d-4005-aef8-bd9413933cbe,leave_one_athlete_out,sklearn_random_forest,prior_history_only,8,minimally_interpretable,1.2142609126984119,1.1583045548495643,-0.05595635784884756,improved
8d47422f-2512-44a3-a6d6-8feb726f4759,leave_one_athlete_out,sklearn_random_forest,prior_history_only,4,minimally_interpretable,0.5589285714285737,0.5824519295065551,0.02352335807798145,worse
957de0b1-7ee9-437c-b47b-dffd09b6653a,leave_one_athlete_out,sklearn_random_forest,prior_history_only,9,minimally_interpretable,1.2313792688792695,1.353966235152206,0.12258696627293642,worse
9cee6de4-93b3-46a7-a018-90f60d705ebb,leave_one_athlete_out,sklearn_random_forest,prior_history_only,6,minimally_interpretable,2.749662698412694,6.377056596589697,3.627393898177003,worse
a2d89dcf-6bd1-445b-bc9c-7ac6b852a9fc,leave_one_athlete_out,sklearn_random_forest,prior_history_only,6,minimally_interpretable,0.4951785714285701,0.8203940781256431,0.32521550669707305,worse
c887cb7e-63cf-4dc2-9fd2-8429137ba44b,leave_one_athlete_out,sklearn_random_forest,prior_history_only,7,minimally_interpretable,1.6356122448979573,2.9194824956797563,1.283870250781799,worse
e362b878-9920-4dcf-9ab7-687a194a821c,leave_one_athlete_out,sklearn_random_forest,prior_history_only,7,minimally_interpretable,1.8715568954854684,1.6070062567523118,-0.26455063873315665,improved
e6e4e3b9-5cfa-42c6-a4cd-0f96561de3eb,leave_one_athlete_out,sklearn_random_forest,prior_history_only,6,minimally_interpretable,1.8412499999999998,1.8167218505608798,-0.024528149439120073,improved
ec3fc0a0-ab15-4c0c-b1ad-5243c6e5636f,leave_one_athlete_out,sklearn_random_forest,prior_history_only,6,minimally_interpretable,1.8894444444444425,1.6217155344016572,-0.2677289100427853,improved
efa2dbe6-24c0-4500-8b7b-1d5d14e1d271,leave_one_athlete_out,sklearn_random_forest,prior_history_only,3,minimally_interpretable,2.6486111111111144,2.0470562490461766,-0.6015548620649378,improved
f2b08928-a410-4d1d-9f19-1f8c063a6311,leave_one_athlete_out,sklearn_random_forest,prior_history_only,1,anecdotal_too_few_rows,0.03333333333333144,0.3448939591628921,0.3115606258295607,worse
fd0c9e61-cb99-4d60-ab37-b4b3f5ac60d2,leave_one_athlete_out,sklearn_random_forest,prior_history_only,8,minimally_interpretable,1.1163392857142878,3.419598286775031,2.303259001060743,worse
2068e7ec-51a8-441a-8053-2be7533e613f,leave_one_athlete_out,sklearn_random_forest,prior_history_plus_actigraphy,5,minimally_interpretable,1.5164747474747444,1.5673489707677972,0.0508742232930528,worse
687552ea-5963-45df-8680-c4c6058eab87,leave_one_athlete_out,sklearn_random_forest,prior_history_plus_actigraphy,7,minimally_interpretable,3.171865079365079,3.3956340508266782,0.22376897146159935,worse
6a2ca03c-e61b-4589-a931-58f5e25aacd8,leave_one_athlete_out,sklearn_random_forest,prior_history_plus_actigraphy,1,anecdotal_too_few_rows,0.3999999999999986,0.5745150819863483,0.17451508198634968,worse
86fed448-f51d-4005-aef8-bd9413933cbe,leave_one_athlete_out,sklearn_random_forest,prior_history_plus_actigraphy,8,minimally_interpretable,1.2142609126984119,1.0886457091584032,-0.12561520354000866,improved
8d47422f-2512-44a3-a6d6-8feb726f4759,leave_one_athlete_out,sklearn_random_forest,prior_history_plus_actigraphy,4,minimally_interpretable,0.5589285714285737,0.6484904811522858,0.08956190972371214,worse
957de0b1-7ee9-437c-b47b-dffd09b6653a,leave_one_athlete_out,sklearn_random_forest,prior_history_plus_actigraphy,9,minimally_interpretable,1.2313792688792695,2.150798802810067,0.9194195339307973,worse
9cee6de4-93b3-46a7-a018-90f60d705ebb,leave_one_athlete_out,sklearn_random_forest,prior_history_plus_actigraphy,6,minimally_interpretable,2.749662698412694,6.846496795443126,4.096834097030431,worse
a2d89dcf-6bd1-445b-bc9c-7ac6b852a9fc,leave_one_athlete_out,sklearn_random_forest,prior_history_plus_actigraphy,6,minimally_interpretable,0.4951785714285701,0.9152445688386367,0.4200659974100666,worse
c887cb7e-63cf-4dc2-9fd2-8429137ba44b,leave_one_athlete_out,sklearn_random_forest,prior_history_plus_actigraphy,7,minimally_interpretable,1.6356122448979573,2.9658255453561146,1.3302133004581573,worse
e362b878-9920-4dcf-9ab7-687a194a821c,leave_one_athlete_out,sklearn_random_forest,prior_history_plus_actigraphy,7,minimally_interpretable,1.8715568954854684,1.7716956628442624,-0.09986123264120605,improved
e6e4e3b9-5cfa-42c6-a4cd-0f96561de3eb,leave_one_athlete_out,sklearn_random_forest,prior_history_plus_actigraphy,6,minimally_interpretable,1.8412499999999998,1.8403029008535317,-0.0009470991464681777,improved
ec3fc0a0-ab15-4c0c-b1ad-5243c6e5636f,leave_one_athlete_out,sklearn_random_forest,prior_history_plus_actigraphy,6,minimally_interpretable,1.8894444444444425,1.5328573234281002,-0.35658712101634227,improved
efa2dbe6-24c0-4500-8b7b-1d5d14e1d271,leave_one_athlete_out,sklearn_random_forest,prior_history_plus_actigraphy,3,minimally_interpretable,2.6486111111111144,2.066646622638308,-0.5819644884728064,improved
f2b08928-a410-4d1d-9f19-1f8c063a6311,leave_one_athlete_out,sklearn_random_forest,prior_history_plus_actigraphy,1,anecdotal_too_few_rows,0.03333333333333144,0.39917557467381215,0.3658422413404807,worse
fd0c9e61-cb99-4d60-ab37-b4b3f5ac60d2,leave_one_athlete_out,sklearn_random_forest,prior_history_plus_actigraphy,8,minimally_interpretable,1.1163392857142878,3.685439535605675,2.5691002498913873,worse
2068e7ec-51a8-441a-8053-2be7533e613f,leave_one_athlete_out,sklearn_random_forest,prior_history_plus_caffeine,5,minimally_interpretable,1.5164747474747444,1.468031631277229,-0.0484431161975154,improved
687552ea-5963-45df-8680-c4c6058eab87,leave_one_athlete_out,sklearn_random_forest,prior_history_plus_caffeine,7,minimally_interpretable,3.171865079365079,3.4672105138711067,0.2953454345060278,worse
6a2ca03c-e61b-4589-a931-58f5e25aacd8,leave_one_athlete_out,sklearn_random_forest,prior_history_plus_caffeine,1,anecdotal_too_few_rows,0.3999999999999986,0.4927925017805208,0.09279250178052223,worse
86fed448-f51d-4005-aef8-bd9413933cbe,leave_one_athlete_out,sklearn_random_forest,prior_history_plus_caffeine,8,minimally_interpretable,1.2142609126984119,1.1667087204303255,-0.04755219226808638,improved
8d47422f-2512-44a3-a6d6-8feb726f4759,leave_one_athlete_out,sklearn_random_forest,prior_history_plus_caffeine,4,minimally_interpretable,0.5589285714285737,0.6101379863682075,0.051209414939633824,worse
957de0b1-7ee9-437c-b47b-dffd09b6653a,leave_one_athlete_out,sklearn_random_forest,prior_history_plus_caffeine,9,minimally_interpretable,1.2313792688792695,1.3562685760212123,0.1248893071419428,worse
9cee6de4-93b3-46a7-a018-90f60d705ebb,leave_one_athlete_out,sklearn_random_forest,prior_history_plus_caffeine,6,minimally_interpretable,2.749662698412694,6.378449453732551,3.6287867553198567,worse
a2d89dcf-6bd1-445b-bc9c-7ac6b852a9fc,leave_one_athlete_out,sklearn_random_forest,prior_history_plus_caffeine,6,minimally_interpretable,0.4951785714285701,0.8485823709049415,0.3534037994763714,worse
c887cb7e-63cf-4dc2-9fd2-8429137ba44b,leave_one_athlete_out,sklearn_random_forest,prior_history_plus_caffeine,7,minimally_interpretable,1.6356122448979573,2.941683746769944,1.3060715018719866,worse
e362b878-9920-4dcf-9ab7-687a194a821c,leave_one_athlete_out,sklearn_random_forest,prior_history_plus_caffeine,7,minimally_interpretable,1.8715568954854684,1.7277034414189016,-0.1438534540665668,improved
e6e4e3b9-5cfa-42c6-a4cd-0f96561de3eb,leave_one_athlete_out,sklearn_random_forest,prior_history_plus_caffeine,6,minimally_interpretable,1.8412499999999998,1.780339006949454,-0.060910993050545814,improved
ec3fc0a0-ab15-4c0c-b1ad-5243c6e5636f,leave_one_athlete_out,sklearn_random_forest,prior_history_plus_caffeine,6,minimally_interpretable,1.8894444444444425,1.647215664088499,-0.24222878035594353,improved
efa2dbe6-24c0-4500-8b7b-1d5d14e1d271,leave_one_athlete_out,sklearn_random_forest,prior_history_plus_caffeine,3,minimally_interpretable,2.6486111111111144,2.0189041400878813,-0.629706971023233,improved
f2b08928-a410-4d1d-9f19-1f8c063a6311,leave_one_athlete_out,sklearn_random_forest,prior_history_plus_caffeine,1,anecdotal_too_few_rows,0.03333333333333144,0.3903338287799656,0.35700049544663415,worse
fd0c9e61-cb99-4d60-ab37-b4b3f5ac60d2,leave_one_athlete_out,sklearn_random_forest,prior_history_plus_caffeine,8,minimally_interpretable,1.1163392857142878,3.626552551318258,2.51021326560397,worse
2068e7ec-51a8-441a-8053-2be7533e613f,leave_one_athlete_out,sklearn_random_forest,prior_history_plus_daily_sleep,5,minimally_interpretable,1.5164747474747444,1.5351384711040623,0.018663723629317897,worse
687552ea-5963-45df-8680-c4c6058eab87,leave_one_athlete_out,sklearn_random_forest,prior_history_plus_daily_sleep,7,minimally_interpretable,3.171865079365079,3.474431917728076,0.3025668383629969,worse
6a2ca03c-e61b-4589-a931-58f5e25aacd8,leave_one_athlete_out,sklearn_random_forest,prior_history_plus_daily_sleep,1,anecdotal_too_few_rows,0.3999999999999986,0.23351055625189332,-0.16648944374810526,improved
86fed448-f51d-4005-aef8-bd9413933cbe,leave_one_athlete_out,sklearn_random_forest,prior_history_plus_daily_sleep,8,minimally_interpretable,1.2142609126984119,1.2643096202293775,0.050048707530965686,worse
8d47422f-2512-44a3-a6d6-8feb726f4759,leave_one_athlete_out,sklearn_random_forest,prior_history_plus_daily_sleep,4,minimally_interpretable,0.5589285714285737,0.8033891337842123,0.24446056235563862,worse
957de0b1-7ee9-437c-b47b-dffd09b6653a,leave_one_athlete_out,sklearn_random_forest,prior_history_plus_daily_sleep,9,minimally_interpretable,1.2313792688792695,1.463374081826232,0.23199481294696245,worse
9cee6de4-93b3-46a7-a018-90f60d705ebb,leave_one_athlete_out,sklearn_random_forest,prior_history_plus_daily_sleep,6,minimally_interpretable,2.749662698412694,6.418519350611274,3.66885665219858,worse
a2d89dcf-6bd1-445b-bc9c-7ac6b852a9fc,leave_one_athlete_out,sklearn_random_forest,prior_history_plus_daily_sleep,6,minimally_interpretable,0.4951785714285701,1.1529370820988003,0.6577585106702302,worse
c887cb7e-63cf-4dc2-9fd2-8429137ba44b,leave_one_athlete_out,sklearn_random_forest,prior_history_plus_daily_sleep,7,minimally_interpretable,1.6356122448979573,3.0572735500543753,1.421661305156418,worse
e362b878-9920-4dcf-9ab7-687a194a821c,leave_one_athlete_out,sklearn_random_forest,prior_history_plus_daily_sleep,7,minimally_interpretable,1.8715568954854684,2.007237313589329,0.13568041810386067,worse
e6e4e3b9-5cfa-42c6-a4cd-0f96561de3eb,leave_one_athlete_out,sklearn_random_forest,prior_history_plus_daily_sleep,6,minimally_interpretable,1.8412499999999998,1.8588516311919918,0.017601631191991984,worse
ec3fc0a0-ab15-4c0c-b1ad-5243c6e5636f,leave_one_athlete_out,sklearn_random_forest,prior_history_plus_daily_sleep,6,minimally_interpretable,1.8894444444444425,1.703835012525775,-0.1856094319186674,improved
efa2dbe6-24c0-4500-8b7b-1d5d14e1d271,leave_one_athlete_out,sklearn_random_forest,prior_history_plus_daily_sleep,3,minimally_interpretable,2.6486111111111144,1.9255245044875018,-0.7230866066236126,improved
f2b08928-a410-4d1d-9f19-1f8c063a6311,leave_one_athlete_out,sklearn_random_forest,prior_history_plus_daily_sleep,1,anecdotal_too_few_rows,0.03333333333333144,0.7535951890031036,0.7202618556697722,worse
fd0c9e61-cb99-4d60-ab37-b4b3f5ac60d2,leave_one_athlete_out,sklearn_random_forest,prior_history_plus_daily_sleep,8,minimally_interpretable,1.1163392857142878,3.4523684416357057,2.336029155921418,worse
2068e7ec-51a8-441a-8053-2be7533e613f,leave_one_athlete_out,sklearn_random_forest,prior_history_plus_match_context,5,minimally_interpretable,1.5164747474747444,1.5247040327646217,0.00822928528987732,worse
687552ea-5963-45df-8680-c4c6058eab87,leave_one_athlete_out,sklearn_random_forest,prior_history_plus_match_context,7,minimally_interpretable,3.171865079365079,3.4456941641534535,0.27382908478837464,worse
6a2ca03c-e61b-4589-a931-58f5e25aacd8,leave_one_athlete_out,sklearn_random_forest,prior_history_plus_match_context,1,anecdotal_too_few_rows,0.3999999999999986,0.21558508860851333,-0.18441491139148525,improved
86fed448-f51d-4005-aef8-bd9413933cbe,leave_one_athlete_out,sklearn_random_forest,prior_history_plus_match_context,8,minimally_interpretable,1.2142609126984119,1.1387905717942215,-0.07547034090419036,improved
8d47422f-2512-44a3-a6d6-8feb726f4759,leave_one_athlete_out,sklearn_random_forest,prior_history_plus_match_context,4,minimally_interpretable,0.5589285714285737,0.629119829602927,0.07019125817435334,worse
957de0b1-7ee9-437c-b47b-dffd09b6653a,leave_one_athlete_out,sklearn_random_forest,prior_history_plus_match_context,9,minimally_interpretable,1.2313792688792695,1.3564680139137113,0.12508874503444178,worse
9cee6de4-93b3-46a7-a018-90f60d705ebb,leave_one_athlete_out,sklearn_random_forest,prior_history_plus_match_context,6,minimally_interpretable,2.749662698412694,6.381978896511991,3.632316198099297,worse
a2d89dcf-6bd1-445b-bc9c-7ac6b852a9fc,leave_one_athlete_out,sklearn_random_forest,prior_history_plus_match_context,6,minimally_interpretable,0.4951785714285701,0.8099554056869719,0.3147768342584018,worse
c887cb7e-63cf-4dc2-9fd2-8429137ba44b,leave_one_athlete_out,sklearn_random_forest,prior_history_plus_match_context,7,minimally_interpretable,1.6356122448979573,2.905537610564088,1.2699253656661307,worse
e362b878-9920-4dcf-9ab7-687a194a821c,leave_one_athlete_out,sklearn_random_forest,prior_history_plus_match_context,7,minimally_interpretable,1.8715568954854684,1.6633760636246286,-0.2081808318608398,improved
e6e4e3b9-5cfa-42c6-a4cd-0f96561de3eb,leave_one_athlete_out,sklearn_random_forest,prior_history_plus_match_context,6,minimally_interpretable,1.8412499999999998,1.7894112998960523,-0.05183870010394753,improved
ec3fc0a0-ab15-4c0c-b1ad-5243c6e5636f,leave_one_athlete_out,sklearn_random_forest,prior_history_plus_match_context,6,minimally_interpretable,1.8894444444444425,1.588425999697596,-0.30101844474684647,improved
efa2dbe6-24c0-4500-8b7b-1d5d14e1d271,leave_one_athlete_out,sklearn_random_forest,prior_history_plus_match_context,3,minimally_interpretable,2.6486111111111144,1.989048406483004,-0.6595627046281103,improved
f2b08928-a410-4d1d-9f19-1f8c063a6311,leave_one_athlete_out,sklearn_random_forest,prior_history_plus_match_context,1,anecdotal_too_few_rows,0.03333333333333144,0.2442178890721607,0.21088455573882925,worse
fd0c9e61-cb99-4d60-ab37-b4b3f5ac60d2,leave_one_athlete_out,sklearn_random_forest,prior_history_plus_match_context,8,minimally_interpretable,1.1163392857142878,3.4336693113279635,2.3173300256136757,worse
2068e7ec-51a8-441a-8053-2be7533e613f,leave_one_athlete_out,sklearn_random_forest,prior_history_plus_wellness,5,minimally_interpretable,1.5164747474747444,1.6988632180238,0.1823884705490555,worse
687552ea-5963-45df-8680-c4c6058eab87,leave_one_athlete_out,sklearn_random_forest,prior_history_plus_wellness,7,minimally_interpretable,3.171865079365079,3.160157488929591,-0.011707590435487969,improved
6a2ca03c-e61b-4589-a931-58f5e25aacd8,leave_one_athlete_out,sklearn_random_forest,prior_history_plus_wellness,1,anecdotal_too_few_rows,0.3999999999999986,0.05043328118647139,-0.3495667188135272,improved
86fed448-f51d-4005-aef8-bd9413933cbe,leave_one_athlete_out,sklearn_random_forest,prior_history_plus_wellness,8,minimally_interpretable,1.2142609126984119,1.2143930402607515,0.0001321275623396012,worse
8d47422f-2512-44a3-a6d6-8feb726f4759,leave_one_athlete_out,sklearn_random_forest,prior_history_plus_wellness,4,minimally_interpretable,0.5589285714285737,0.5733495411655349,0.014420969736961275,worse
957de0b1-7ee9-437c-b47b-dffd09b6653a,leave_one_athlete_out,sklearn_random_forest,prior_history_plus_wellness,9,minimally_interpretable,1.2313792688792695,1.3539662351522057,0.1225869662729362,worse
9cee6de4-93b3-46a7-a018-90f60d705ebb,leave_one_athlete_out,sklearn_random_forest,prior_history_plus_wellness,6,minimally_interpretable,2.749662698412694,6.340614640071273,3.5909519416585787,worse
a2d89dcf-6bd1-445b-bc9c-7ac6b852a9fc,leave_one_athlete_out,sklearn_random_forest,prior_history_plus_wellness,6,minimally_interpretable,0.4951785714285701,0.7999029507345176,0.3047243793059475,worse
c887cb7e-63cf-4dc2-9fd2-8429137ba44b,leave_one_athlete_out,sklearn_random_forest,prior_history_plus_wellness,7,minimally_interpretable,1.6356122448979573,2.9775630258406145,1.3419507809426572,worse
e362b878-9920-4dcf-9ab7-687a194a821c,leave_one_athlete_out,sklearn_random_forest,prior_history_plus_wellness,7,minimally_interpretable,1.8715568954854684,1.8017266090168818,-0.06983028646858669,improved
e6e4e3b9-5cfa-42c6-a4cd-0f96561de3eb,leave_one_athlete_out,sklearn_random_forest,prior_history_plus_wellness,6,minimally_interpretable,1.8412499999999998,1.7814089514725626,-0.05984104852743721,improved
ec3fc0a0-ab15-4c0c-b1ad-5243c6e5636f,leave_one_athlete_out,sklearn_random_forest,prior_history_plus_wellness,6,minimally_interpretable,1.8894444444444425,1.6222810075576077,-0.26716343688683475,improved
efa2dbe6-24c0-4500-8b7b-1d5d14e1d271,leave_one_athlete_out,sklearn_random_forest,prior_history_plus_wellness,3,minimally_interpretable,2.6486111111111144,2.0040487584762467,-0.6445623526348676,improved
f2b08928-a410-4d1d-9f19-1f8c063a6311,leave_one_athlete_out,sklearn_random_forest,prior_history_plus_wellness,1,anecdotal_too_few_rows,0.03333333333333144,0.31042685745953946,0.277093524126208,worse
fd0c9e61-cb99-4d60-ab37-b4b3f5ac60d2,leave_one_athlete_out,sklearn_random_forest,prior_history_plus_wellness,8,minimally_interpretable,1.1163392857142878,3.8174111805692394,2.7010718948549517,worse
2068e7ec-51a8-441a-8053-2be7533e613f,leave_one_athlete_out,sklearn_ridge,all_track_b_exploratory,5,minimally_interpretable,1.5164747474747444,3.165924203039313,1.6494494555645685,worse
687552ea-5963-45df-8680-c4c6058eab87,leave_one_athlete_out,sklearn_ridge,all_track_b_exploratory,7,minimally_interpretable,3.171865079365079,2.8340586046768164,-0.3378064746882625,improved
6a2ca03c-e61b-4589-a931-58f5e25aacd8,leave_one_athlete_out,sklearn_ridge,all_track_b_exploratory,1,anecdotal_too_few_rows,0.3999999999999986,1.0631528902494694,0.6631528902494708,worse
86fed448-f51d-4005-aef8-bd9413933cbe,leave_one_athlete_out,sklearn_ridge,all_track_b_exploratory,8,minimally_interpretable,1.2142609126984119,2.4365041298294132,1.2222432171310014,worse
8d47422f-2512-44a3-a6d6-8feb726f4759,leave_one_athlete_out,sklearn_ridge,all_track_b_exploratory,4,minimally_interpretable,0.5589285714285737,2.6279884472537782,2.0690598758252046,worse
957de0b1-7ee9-437c-b47b-dffd09b6653a,leave_one_athlete_out,sklearn_ridge,all_track_b_exploratory,9,minimally_interpretable,1.2313792688792695,2.172099991435757,0.9407207225564873,worse
9cee6de4-93b3-46a7-a018-90f60d705ebb,leave_one_athlete_out,sklearn_ridge,all_track_b_exploratory,6,minimally_interpretable,2.749662698412694,3.3583361138718395,0.6086734154591453,worse
a2d89dcf-6bd1-445b-bc9c-7ac6b852a9fc,leave_one_athlete_out,sklearn_ridge,all_track_b_exploratory,6,minimally_interpretable,0.4951785714285701,4.2838292770994,3.7886507056708303,worse
c887cb7e-63cf-4dc2-9fd2-8429137ba44b,leave_one_athlete_out,sklearn_ridge,all_track_b_exploratory,7,minimally_interpretable,1.6356122448979573,2.7548127161018425,1.1192004712038852,worse
e362b878-9920-4dcf-9ab7-687a194a821c,leave_one_athlete_out,sklearn_ridge,all_track_b_exploratory,7,minimally_interpretable,1.8715568954854684,1.6443650173739104,-0.22719187811155805,improved
e6e4e3b9-5cfa-42c6-a4cd-0f96561de3eb,leave_one_athlete_out,sklearn_ridge,all_track_b_exploratory,6,minimally_interpretable,1.8412499999999998,3.1432841031999614,1.3020341031999616,worse
ec3fc0a0-ab15-4c0c-b1ad-5243c6e5636f,leave_one_athlete_out,sklearn_ridge,all_track_b_exploratory,6,minimally_interpretable,1.8894444444444425,1.848917813187948,-0.04052663125649447,improved
efa2dbe6-24c0-4500-8b7b-1d5d14e1d271,leave_one_athlete_out,sklearn_ridge,all_track_b_exploratory,3,minimally_interpretable,2.6486111111111144,1.8619795640719812,-0.7866315470391332,improved
f2b08928-a410-4d1d-9f19-1f8c063a6311,leave_one_athlete_out,sklearn_ridge,all_track_b_exploratory,1,anecdotal_too_few_rows,0.03333333333333144,1.5570878129338084,1.523754479600477,worse
fd0c9e61-cb99-4d60-ab37-b4b3f5ac60d2,leave_one_athlete_out,sklearn_ridge,all_track_b_exploratory,8,minimally_interpretable,1.1163392857142878,2.304233750736612,1.1878944650223242,worse
2068e7ec-51a8-441a-8053-2be7533e613f,leave_one_athlete_out,sklearn_ridge,prior_history_only,5,minimally_interpretable,1.5164747474747444,2.529969025202597,1.0134942777278524,worse
687552ea-5963-45df-8680-c4c6058eab87,leave_one_athlete_out,sklearn_ridge,prior_history_only,7,minimally_interpretable,3.171865079365079,3.0254734101292846,-0.14639166923579428,improved
6a2ca03c-e61b-4589-a931-58f5e25aacd8,leave_one_athlete_out,sklearn_ridge,prior_history_only,1,anecdotal_too_few_rows,0.3999999999999986,0.43688221563721186,0.03688221563721328,worse
86fed448-f51d-4005-aef8-bd9413933cbe,leave_one_athlete_out,sklearn_ridge,prior_history_only,8,minimally_interpretable,1.2142609126984119,1.367735404195459,0.15347449149704717,worse
8d47422f-2512-44a3-a6d6-8feb726f4759,leave_one_athlete_out,sklearn_ridge,prior_history_only,4,minimally_interpretable,0.5589285714285737,0.8531101284853042,0.29418155705673055,worse
957de0b1-7ee9-437c-b47b-dffd09b6653a,leave_one_athlete_out,sklearn_ridge,prior_history_only,9,minimally_interpretable,1.2313792688792695,1.615299260744837,0.3839199918655676,worse
9cee6de4-93b3-46a7-a018-90f60d705ebb,leave_one_athlete_out,sklearn_ridge,prior_history_only,6,minimally_interpretable,2.749662698412694,3.4816233775181424,0.7319606791054483,worse
a2d89dcf-6bd1-445b-bc9c-7ac6b852a9fc,leave_one_athlete_out,sklearn_ridge,prior_history_only,6,minimally_interpretable,0.4951785714285701,1.2022806445956913,0.7071020731671211,worse
c887cb7e-63cf-4dc2-9fd2-8429137ba44b,leave_one_athlete_out,sklearn_ridge,prior_history_only,7,minimally_interpretable,1.6356122448979573,1.711760271715962,0.07614802681800459,worse
e362b878-9920-4dcf-9ab7-687a194a821c,leave_one_athlete_out,sklearn_ridge,prior_history_only,7,minimally_interpretable,1.8715568954854684,1.58487193423762,-0.28668496124784837,improved
e6e4e3b9-5cfa-42c6-a4cd-0f96561de3eb,leave_one_athlete_out,sklearn_ridge,prior_history_only,6,minimally_interpretable,1.8412499999999998,1.951676509621154,0.11042650962115408,worse
ec3fc0a0-ab15-4c0c-b1ad-5243c6e5636f,leave_one_athlete_out,sklearn_ridge,prior_history_only,6,minimally_interpretable,1.8894444444444425,1.469628584877699,-0.4198158595667434,improved
efa2dbe6-24c0-4500-8b7b-1d5d14e1d271,leave_one_athlete_out,sklearn_ridge,prior_history_only,3,minimally_interpretable,2.6486111111111144,2.50767940004339,-0.1409317110677244,improved
f2b08928-a410-4d1d-9f19-1f8c063a6311,leave_one_athlete_out,sklearn_ridge,prior_history_only,1,anecdotal_too_few_rows,0.03333333333333144,0.35911671846143634,0.3257833851281049,worse
fd0c9e61-cb99-4d60-ab37-b4b3f5ac60d2,leave_one_athlete_out,sklearn_ridge,prior_history_only,8,minimally_interpretable,1.1163392857142878,1.3747076209962668,0.258368335281979,worse
2068e7ec-51a8-441a-8053-2be7533e613f,leave_one_athlete_out,sklearn_ridge,prior_history_plus_actigraphy,5,minimally_interpretable,1.5164747474747444,2.6395863566569844,1.12311160918224,worse
687552ea-5963-45df-8680-c4c6058eab87,leave_one_athlete_out,sklearn_ridge,prior_history_plus_actigraphy,7,minimally_interpretable,3.171865079365079,2.8194536680209885,-0.3524114113440904,improved
6a2ca03c-e61b-4589-a931-58f5e25aacd8,leave_one_athlete_out,sklearn_ridge,prior_history_plus_actigraphy,1,anecdotal_too_few_rows,0.3999999999999986,0.3907296329739296,-0.009270367026068982,improved
86fed448-f51d-4005-aef8-bd9413933cbe,leave_one_athlete_out,sklearn_ridge,prior_history_plus_actigraphy,8,minimally_interpretable,1.2142609126984119,1.352148626217971,0.13788771351955909,worse
8d47422f-2512-44a3-a6d6-8feb726f4759,leave_one_athlete_out,sklearn_ridge,prior_history_plus_actigraphy,4,minimally_interpretable,0.5589285714285737,2.5817080347034844,2.0227794632749108,worse
957de0b1-7ee9-437c-b47b-dffd09b6653a,leave_one_athlete_out,sklearn_ridge,prior_history_plus_actigraphy,9,minimally_interpretable,1.2313792688792695,1.7057117779872872,0.4743325091080177,worse
9cee6de4-93b3-46a7-a018-90f60d705ebb,leave_one_athlete_out,sklearn_ridge,prior_history_plus_actigraphy,6,minimally_interpretable,2.749662698412694,3.4351840330619865,0.6855213346492923,worse
a2d89dcf-6bd1-445b-bc9c-7ac6b852a9fc,leave_one_athlete_out,sklearn_ridge,prior_history_plus_actigraphy,6,minimally_interpretable,0.4951785714285701,3.2825142033717927,2.7873356319432228,worse
c887cb7e-63cf-4dc2-9fd2-8429137ba44b,leave_one_athlete_out,sklearn_ridge,prior_history_plus_actigraphy,7,minimally_interpretable,1.6356122448979573,1.7275279115446673,0.09191566664671003,worse
e362b878-9920-4dcf-9ab7-687a194a821c,leave_one_athlete_out,sklearn_ridge,prior_history_plus_actigraphy,7,minimally_interpretable,1.8715568954854684,1.4657406873334504,-0.405816208152018,improved
e6e4e3b9-5cfa-42c6-a4cd-0f96561de3eb,leave_one_athlete_out,sklearn_ridge,prior_history_plus_actigraphy,6,minimally_interpretable,1.8412499999999998,2.9063193860683043,1.0650693860683045,worse
ec3fc0a0-ab15-4c0c-b1ad-5243c6e5636f,leave_one_athlete_out,sklearn_ridge,prior_history_plus_actigraphy,6,minimally_interpretable,1.8894444444444425,1.3649657734265588,-0.5244786710178837,improved
efa2dbe6-24c0-4500-8b7b-1d5d14e1d271,leave_one_athlete_out,sklearn_ridge,prior_history_plus_actigraphy,3,minimally_interpretable,2.6486111111111144,2.2988333860367085,-0.34977772507440585,improved
f2b08928-a410-4d1d-9f19-1f8c063a6311,leave_one_athlete_out,sklearn_ridge,prior_history_plus_actigraphy,1,anecdotal_too_few_rows,0.03333333333333144,1.1278803398178425,1.094547006484511,worse
fd0c9e61-cb99-4d60-ab37-b4b3f5ac60d2,leave_one_athlete_out,sklearn_ridge,prior_history_plus_actigraphy,8,minimally_interpretable,1.1163392857142878,1.2269135323813893,0.11057424666710158,worse
2068e7ec-51a8-441a-8053-2be7533e613f,leave_one_athlete_out,sklearn_ridge,prior_history_plus_caffeine,5,minimally_interpretable,1.5164747474747444,2.4687994660381705,0.952324718563426,worse
687552ea-5963-45df-8680-c4c6058eab87,leave_one_athlete_out,sklearn_ridge,prior_history_plus_caffeine,7,minimally_interpretable,3.171865079365079,3.022661672158095,-0.1492034072069841,improved
6a2ca03c-e61b-4589-a931-58f5e25aacd8,leave_one_athlete_out,sklearn_ridge,prior_history_plus_caffeine,1,anecdotal_too_few_rows,0.3999999999999986,0.3678362131213646,-0.03216378687863397,improved
86fed448-f51d-4005-aef8-bd9413933cbe,leave_one_athlete_out,sklearn_ridge,prior_history_plus_caffeine,8,minimally_interpretable,1.2142609126984119,1.5503165039368358,0.336055591238424,worse
8d47422f-2512-44a3-a6d6-8feb726f4759,leave_one_athlete_out,sklearn_ridge,prior_history_plus_caffeine,4,minimally_interpretable,0.5589285714285737,0.7210209549477327,0.162092383519159,worse
957de0b1-7ee9-437c-b47b-dffd09b6653a,leave_one_athlete_out,sklearn_ridge,prior_history_plus_caffeine,9,minimally_interpretable,1.2313792688792695,1.720183518939593,0.4888042500603236,worse
9cee6de4-93b3-46a7-a018-90f60d705ebb,leave_one_athlete_out,sklearn_ridge,prior_history_plus_caffeine,6,minimally_interpretable,2.749662698412694,3.7882159240619515,1.0385532256492573,worse
a2d89dcf-6bd1-445b-bc9c-7ac6b852a9fc,leave_one_athlete_out,sklearn_ridge,prior_history_plus_caffeine,6,minimally_interpretable,0.4951785714285701,1.956051269617409,1.460872698188839,worse
c887cb7e-63cf-4dc2-9fd2-8429137ba44b,leave_one_athlete_out,sklearn_ridge,prior_history_plus_caffeine,7,minimally_interpretable,1.6356122448979573,1.7254684372426539,0.08985619234469655,worse
e362b878-9920-4dcf-9ab7-687a194a821c,leave_one_athlete_out,sklearn_ridge,prior_history_plus_caffeine,7,minimally_interpretable,1.8715568954854684,1.5409179694144701,-0.3306389260709983,improved
e6e4e3b9-5cfa-42c6-a4cd-0f96561de3eb,leave_one_athlete_out,sklearn_ridge,prior_history_plus_caffeine,6,minimally_interpretable,1.8412499999999998,2.0944493634049572,0.2531993634049574,worse
ec3fc0a0-ab15-4c0c-b1ad-5243c6e5636f,leave_one_athlete_out,sklearn_ridge,prior_history_plus_caffeine,6,minimally_interpretable,1.8894444444444425,1.5025575635904864,-0.38688688085395606,improved
efa2dbe6-24c0-4500-8b7b-1d5d14e1d271,leave_one_athlete_out,sklearn_ridge,prior_history_plus_caffeine,3,minimally_interpretable,2.6486111111111144,2.56354446601517,-0.08506664509594453,improved
f2b08928-a410-4d1d-9f19-1f8c063a6311,leave_one_athlete_out,sklearn_ridge,prior_history_plus_caffeine,1,anecdotal_too_few_rows,0.03333333333333144,0.4670819373592714,0.43374860402593995,worse
fd0c9e61-cb99-4d60-ab37-b4b3f5ac60d2,leave_one_athlete_out,sklearn_ridge,prior_history_plus_caffeine,8,minimally_interpretable,1.1163392857142878,1.2366687082703143,0.12032942255602652,worse
2068e7ec-51a8-441a-8053-2be7533e613f,leave_one_athlete_out,sklearn_ridge,prior_history_plus_daily_sleep,5,minimally_interpretable,1.5164747474747444,2.5350024641200264,1.018527716645282,worse
687552ea-5963-45df-8680-c4c6058eab87,leave_one_athlete_out,sklearn_ridge,prior_history_plus_daily_sleep,7,minimally_interpretable,3.171865079365079,3.0492312907053636,-0.1226337886597153,improved
6a2ca03c-e61b-4589-a931-58f5e25aacd8,leave_one_athlete_out,sklearn_ridge,prior_history_plus_daily_sleep,1,anecdotal_too_few_rows,0.3999999999999986,0.4000086567911936,8.656791194994184e-06,worse
86fed448-f51d-4005-aef8-bd9413933cbe,leave_one_athlete_out,sklearn_ridge,prior_history_plus_daily_sleep,8,minimally_interpretable,1.2142609126984119,1.9005182974092594,0.6862573847108475,worse
8d47422f-2512-44a3-a6d6-8feb726f4759,leave_one_athlete_out,sklearn_ridge,prior_history_plus_daily_sleep,4,minimally_interpretable,0.5589285714285737,1.2112873199673135,0.6523587485387399,worse
957de0b1-7ee9-437c-b47b-dffd09b6653a,leave_one_athlete_out,sklearn_ridge,prior_history_plus_daily_sleep,9,minimally_interpretable,1.2313792688792695,2.1138536033166906,0.8824743344374211,worse
9cee6de4-93b3-46a7-a018-90f60d705ebb,leave_one_athlete_out,sklearn_ridge,prior_history_plus_daily_sleep,6,minimally_interpretable,2.749662698412694,3.397434618072726,0.6477719196600318,worse
a2d89dcf-6bd1-445b-bc9c-7ac6b852a9fc,leave_one_athlete_out,sklearn_ridge,prior_history_plus_daily_sleep,6,minimally_interpretable,0.4951785714285701,1.8866642484701182,1.391485677041548,worse
c887cb7e-63cf-4dc2-9fd2-8429137ba44b,leave_one_athlete_out,sklearn_ridge,prior_history_plus_daily_sleep,7,minimally_interpretable,1.6356122448979573,1.795873162055299,0.1602609171573417,worse
e362b878-9920-4dcf-9ab7-687a194a821c,leave_one_athlete_out,sklearn_ridge,prior_history_plus_daily_sleep,7,minimally_interpretable,1.8715568954854684,1.7204621544570584,-0.15109474102841003,improved
e6e4e3b9-5cfa-42c6-a4cd-0f96561de3eb,leave_one_athlete_out,sklearn_ridge,prior_history_plus_daily_sleep,6,minimally_interpretable,1.8412499999999998,1.7211550310197896,-0.12009496898021021,improved
ec3fc0a0-ab15-4c0c-b1ad-5243c6e5636f,leave_one_athlete_out,sklearn_ridge,prior_history_plus_daily_sleep,6,minimally_interpretable,1.8894444444444425,2.3346214393589766,0.4451769949145341,worse
efa2dbe6-24c0-4500-8b7b-1d5d14e1d271,leave_one_athlete_out,sklearn_ridge,prior_history_plus_daily_sleep,3,minimally_interpretable,2.6486111111111144,1.978076850919096,-0.6705342601920183,improved
f2b08928-a410-4d1d-9f19-1f8c063a6311,leave_one_athlete_out,sklearn_ridge,prior_history_plus_daily_sleep,1,anecdotal_too_few_rows,0.03333333333333144,0.5237525240388194,0.490419190705488,worse
fd0c9e61-cb99-4d60-ab37-b4b3f5ac60d2,leave_one_athlete_out,sklearn_ridge,prior_history_plus_daily_sleep,8,minimally_interpretable,1.1163392857142878,1.7656670480484467,0.6493277623341589,worse
2068e7ec-51a8-441a-8053-2be7533e613f,leave_one_athlete_out,sklearn_ridge,prior_history_plus_match_context,5,minimally_interpretable,1.5164747474747444,2.8163672769075747,1.2998925294328303,worse
687552ea-5963-45df-8680-c4c6058eab87,leave_one_athlete_out,sklearn_ridge,prior_history_plus_match_context,7,minimally_interpretable,3.171865079365079,2.7476638972440424,-0.4242011821210365,improved
6a2ca03c-e61b-4589-a931-58f5e25aacd8,leave_one_athlete_out,sklearn_ridge,prior_history_plus_match_context,1,anecdotal_too_few_rows,0.3999999999999986,0.3596730048016852,-0.0403269951983134,improved
86fed448-f51d-4005-aef8-bd9413933cbe,leave_one_athlete_out,sklearn_ridge,prior_history_plus_match_context,8,minimally_interpretable,1.2142609126984119,1.4260552486755826,0.2117943359771708,worse
8d47422f-2512-44a3-a6d6-8feb726f4759,leave_one_athlete_out,sklearn_ridge,prior_history_plus_match_context,4,minimally_interpretable,0.5589285714285737,0.8378824379690384,0.2789538665404647,worse
957de0b1-7ee9-437c-b47b-dffd09b6653a,leave_one_athlete_out,sklearn_ridge,prior_history_plus_match_context,9,minimally_interpretable,1.2313792688792695,1.670338355356778,0.4389590864775086,worse
9cee6de4-93b3-46a7-a018-90f60d705ebb,leave_one_athlete_out,sklearn_ridge,prior_history_plus_match_context,6,minimally_interpretable,2.749662698412694,3.2336785105310333,0.4840158121183391,worse
a2d89dcf-6bd1-445b-bc9c-7ac6b852a9fc,leave_one_athlete_out,sklearn_ridge,prior_history_plus_match_context,6,minimally_interpretable,0.4951785714285701,0.9830856896106527,0.4879071181820826,worse
c887cb7e-63cf-4dc2-9fd2-8429137ba44b,leave_one_athlete_out,sklearn_ridge,prior_history_plus_match_context,7,minimally_interpretable,1.6356122448979573,1.594374708000606,-0.04123753689735121,improved
e362b878-9920-4dcf-9ab7-687a194a821c,leave_one_athlete_out,sklearn_ridge,prior_history_plus_match_context,7,minimally_interpretable,1.8715568954854684,1.6567593527129323,-0.21479754277253615,improved
e6e4e3b9-5cfa-42c6-a4cd-0f96561de3eb,leave_one_athlete_out,sklearn_ridge,prior_history_plus_match_context,6,minimally_interpretable,1.8412499999999998,1.9206407827823533,0.07939078278235345,worse
ec3fc0a0-ab15-4c0c-b1ad-5243c6e5636f,leave_one_athlete_out,sklearn_ridge,prior_history_plus_match_context,6,minimally_interpretable,1.8894444444444425,1.362750942616712,-0.5266935018277306,improved
efa2dbe6-24c0-4500-8b7b-1d5d14e1d271,leave_one_athlete_out,sklearn_ridge,prior_history_plus_match_context,3,minimally_interpretable,2.6486111111111144,2.479712445394155,-0.16889866571695933,improved
f2b08928-a410-4d1d-9f19-1f8c063a6311,leave_one_athlete_out,sklearn_ridge,prior_history_plus_match_context,1,anecdotal_too_few_rows,0.03333333333333144,0.8370393157801956,0.8037059824468642,worse
fd0c9e61-cb99-4d60-ab37-b4b3f5ac60d2,leave_one_athlete_out,sklearn_ridge,prior_history_plus_match_context,8,minimally_interpretable,1.1163392857142878,1.255504847437118,0.13916556172283023,worse
2068e7ec-51a8-441a-8053-2be7533e613f,leave_one_athlete_out,sklearn_ridge,prior_history_plus_wellness,5,minimally_interpretable,1.5164747474747444,2.2712064393526235,0.754731691877879,worse
687552ea-5963-45df-8680-c4c6058eab87,leave_one_athlete_out,sklearn_ridge,prior_history_plus_wellness,7,minimally_interpretable,3.171865079365079,2.75894419449559,-0.41292088486948897,improved
6a2ca03c-e61b-4589-a931-58f5e25aacd8,leave_one_athlete_out,sklearn_ridge,prior_history_plus_wellness,1,anecdotal_too_few_rows,0.3999999999999986,1.523628010404849,1.1236280104048504,worse
86fed448-f51d-4005-aef8-bd9413933cbe,leave_one_athlete_out,sklearn_ridge,prior_history_plus_wellness,8,minimally_interpretable,1.2142609126984119,1.586358683349696,0.37209777065128424,worse
8d47422f-2512-44a3-a6d6-8feb726f4759,leave_one_athlete_out,sklearn_ridge,prior_history_plus_wellness,4,minimally_interpretable,0.5589285714285737,1.1147311098752528,0.5558025384466792,worse
957de0b1-7ee9-437c-b47b-dffd09b6653a,leave_one_athlete_out,sklearn_ridge,prior_history_plus_wellness,9,minimally_interpretable,1.2313792688792695,1.8149950256333784,0.5836157567541089,worse
9cee6de4-93b3-46a7-a018-90f60d705ebb,leave_one_athlete_out,sklearn_ridge,prior_history_plus_wellness,6,minimally_interpretable,2.749662698412694,3.1339545673012204,0.3842918688885262,worse
a2d89dcf-6bd1-445b-bc9c-7ac6b852a9fc,leave_one_athlete_out,sklearn_ridge,prior_history_plus_wellness,6,minimally_interpretable,0.4951785714285701,1.0816300928588507,0.5864515214302806,worse
c887cb7e-63cf-4dc2-9fd2-8429137ba44b,leave_one_athlete_out,sklearn_ridge,prior_history_plus_wellness,7,minimally_interpretable,1.6356122448979573,1.7740499984818696,0.1384377535839123,worse
e362b878-9920-4dcf-9ab7-687a194a821c,leave_one_athlete_out,sklearn_ridge,prior_history_plus_wellness,7,minimally_interpretable,1.8715568954854684,1.4321102959471246,-0.43944659953834386,improved
e6e4e3b9-5cfa-42c6-a4cd-0f96561de3eb,leave_one_athlete_out,sklearn_ridge,prior_history_plus_wellness,6,minimally_interpretable,1.8412499999999998,2.095737090123865,0.25448709012386517,worse
ec3fc0a0-ab15-4c0c-b1ad-5243c6e5636f,leave_one_athlete_out,sklearn_ridge,prior_history_plus_wellness,6,minimally_interpretable,1.8894444444444425,1.3215303998607257,-0.5679140445837167,improved
efa2dbe6-24c0-4500-8b7b-1d5d14e1d271,leave_one_athlete_out,sklearn_ridge,prior_history_plus_wellness,3,minimally_interpretable,2.6486111111111144,2.6235481293916068,-0.025062981719507604,improved
f2b08928-a410-4d1d-9f19-1f8c063a6311,leave_one_athlete_out,sklearn_ridge,prior_history_plus_wellness,1,anecdotal_too_few_rows,0.03333333333333144,0.40379557700638813,0.3704622436730567,worse
fd0c9e61-cb99-4d60-ab37-b4b3f5ac60d2,leave_one_athlete_out,sklearn_ridge,prior_history_plus_wellness,8,minimally_interpretable,1.1163392857142878,2.223284837286136,1.1069455515718483,worse
